user_id,item_id,date
560,310,2021-08-17
672,471,2021-08-17
818,305,2021-08-17
238,485,2021-08-17
327,385,2021-08-17
556,413,2021-08-17
668,436,2021-08-17
615,312,2021-08-17
705,31,2021-08-17
898,45,2021-08-17
877,56,2021-08-17
14,116,2021-08-17
981,499,2021-08-17
619,220,2021-08-17
247,385,2021-08-17
121,222,2021-08-17
504,263,2021-08-17
722,155,2021-08-17
517,23,2021-08-17
726,335,2021-08-17
249,468,2021-08-17
285,420,2021-08-17
904,6,2021-08-17
306,436,2021-08-17
240,411,2021-08-17
173,433,2021-08-17
686,475,2021-08-17
684,207,2021-08-17
748,152,2021-08-17
208,199,2021-08-17
802,160,2021-08-17
919,106,2021-08-17
207,169,2021-08-17
277,303,2021-08-17
230,244,2021-08-17
410,183,2021-08-17
954,313,2021-08-17
139,499,2021-08-17
87,56,2021-08-17
764,85,2021-08-17
466,385,2021-08-17
176,238,2021-08-17
619,260,2021-08-17
861,424,2021-08-17
71,247,2021-08-17
220,112,2021-08-17
513,411,2021-08-17
573,403,2021-08-17
745,415,2021-08-17
743,85,2021-08-17
960,148,2021-08-17
602,211,2021-08-17
732,466,2021-08-17
257,199,2021-08-17
386,152,2021-08-17
400,113,2021-08-17
829,220,2021-08-17
953,136,2021-08-17
260,26,2021-08-17
453,217,2021-08-17
196,159,2021-08-17
888,255,2021-08-17
734,101,2021-08-17
531,406,2021-08-17
732,240,2021-08-17
749,7,2021-08-17
790,135,2021-08-17
539,11,2021-08-17
575,9,2021-08-17
681,331,2021-08-17
636,392,2021-08-17
384,85,2021-08-17
215,99,2021-08-17
328,413,2021-08-17
614,76,2021-08-17
646,244,2021-08-17
114,30,2021-08-17
180,317,2021-08-17
462,363,2021-08-17
962,187,2021-08-17
113,137,2021-08-17
503,137,2021-08-17
105,194,2021-08-17
94,117,2021-08-17
749,282,2021-08-17
571,69,2021-08-17
51,16,2021-08-17
812,295,2021-08-17
197,496,2021-08-17
287,316,2021-08-17
128,60,2021-08-17
383,177,2021-08-17
972,214,2021-08-17
623,467,2021-08-17
238,51,2021-08-17
14,48,2021-08-17
707,268,2021-08-17
217,263,2021-08-17
667,277,2021-08-17
426,95,2021-08-17
494,11,2021-08-17
228,244,2021-08-17
180,196,2021-08-17
630,285,2021-08-17
498,410,2021-08-17
856,483,2021-08-17
40,92,2021-08-17
566,206,2021-08-17
138,94,2021-08-17
264,157,2021-08-17
482,211,2021-08-17
817,45,2021-08-17
633,240,2021-08-17
751,366,2021-08-17
169,237,2021-08-17
23,142,2021-08-17
893,212,2021-08-17
845,435,2021-08-17
903,128,2021-08-17
168,12,2021-08-17
146,32,2021-08-17
406,365,2021-08-17
316,218,2021-08-17
928,76,2021-08-17
554,308,2021-08-17
856,170,2021-08-17
210,94,2021-08-17
643,230,2021-08-17
407,43,2021-08-17
673,66,2021-08-17
29,386,2021-08-17
102,229,2021-08-17
127,144,2021-08-17
238,490,2021-08-17
829,406,2021-08-17
684,316,2021-08-17
313,29,2021-08-17
495,158,2021-08-17
172,387,2021-08-17
705,153,2021-08-17
48,271,2021-08-17
487,82,2021-08-17
496,61,2021-08-17
120,411,2021-08-17
767,203,2021-08-17
407,440,2021-08-17
571,169,2021-08-17
665,312,2021-08-17
208,456,2021-08-17
72,277,2021-08-17
247,499,2021-08-17
467,11,2021-08-17
941,432,2021-08-17
309,74,2021-08-17
140,94,2021-08-17
623,346,2021-08-17
154,429,2021-08-17
335,1,2021-08-17
965,25,2021-08-17
361,131,2021-08-17
415,479,2021-08-17
44,491,2021-08-17
258,410,2021-08-17
158,325,2021-08-17
754,450,2021-08-17
240,152,2021-08-17
457,27,2021-08-17
830,191,2021-08-17
857,252,2021-08-17
453,477,2021-08-17
564,368,2021-08-17
44,414,2021-08-17
418,252,2021-08-17
942,372,2021-08-17
587,119,2021-08-17
545,138,2021-08-17
685,372,2021-08-17
222,114,2021-08-17
813,326,2021-08-17
704,294,2021-08-17
6,185,2021-08-17
898,114,2021-08-17
388,203,2021-08-17
141,90,2021-08-17
221,221,2021-08-17
711,40,2021-08-17
59,174,2021-08-17
606,371,2021-08-17
684,9,2021-08-17
717,12,2021-08-17
760,326,2021-08-17
542,164,2021-08-17
869,32,2021-08-17
94,355,2021-08-17
860,127,2021-08-17
908,104,2021-08-17
558,109,2021-08-17
812,402,2021-08-17
149,403,2021-08-17
252,88,2021-08-17
813,434,2021-08-17
804,495,2021-08-17
692,314,2021-08-17
153,331,2021-08-17
357,358,2021-08-17
190,230,2021-08-17
627,360,2021-08-17
416,72,2021-08-17
100,429,2021-08-17
538,429,2021-08-17
291,443,2021-08-17
152,141,2021-08-17
529,370,2021-08-17
829,426,2021-08-17
748,344,2021-08-17
546,114,2021-08-17
140,279,2021-08-17
658,415,2021-08-17
402,333,2021-08-17
619,473,2021-08-17
365,182,2021-08-17
853,416,2021-08-17
250,50,2021-08-17
454,494,2021-08-17
92,408,2021-08-17
583,472,2021-08-17
949,428,2021-08-17
569,383,2021-08-17
577,99,2021-08-17
111,405,2021-08-17
450,361,2021-08-17
92,10,2021-08-17
834,279,2021-08-17
683,435,2021-08-17
523,220,2021-08-17
13,30,2021-08-17
562,298,2021-08-17
471,68,2021-08-17
275,340,2021-08-17
525,380,2021-08-17
115,253,2021-08-17
188,326,2021-08-17
526,124,2021-08-17
27,134,2021-08-17
790,7,2021-08-17
126,367,2021-08-17
264,168,2021-08-17
533,55,2021-08-17
275,270,2021-08-17
769,416,2021-08-17
887,346,2021-08-17
146,127,2021-08-17
177,150,2021-08-17
121,484,2021-08-17
177,84,2021-08-17
823,149,2021-08-17
406,37,2021-08-17
965,353,2021-08-17
691,223,2021-08-17
277,195,2021-08-17
290,477,2021-08-17
935,110,2021-08-17
953,201,2021-08-17
397,390,2021-08-17
166,309,2021-08-17
792,464,2021-08-17
888,414,2021-08-17
451,163,2021-08-17
62,349,2021-08-17
858,5,2021-08-17
601,287,2021-08-17
758,64,2021-08-17
389,420,2021-08-17
358,243,2021-08-17
444,170,2021-08-17
775,155,2021-08-17
534,259,2021-08-17
438,228,2021-08-17
266,0,2021-08-17
947,373,2021-08-17
743,116,2021-08-17
305,53,2021-08-17
61,209,2021-08-17
140,181,2021-08-17
203,342,2021-08-17
585,485,2021-08-17
614,270,2021-08-17
714,225,2021-08-17
36,133,2021-08-17
369,130,2021-08-17
710,38,2021-08-17
145,225,2021-08-17
670,98,2021-08-17
321,195,2021-08-17
536,236,2021-08-17
170,388,2021-08-17
741,242,2021-08-17
189,96,2021-08-17
824,354,2021-08-17
487,109,2021-08-17
959,321,2021-08-17
174,418,2021-08-17
525,499,2021-08-17
738,33,2021-08-17
482,153,2021-08-17
898,250,2021-08-17
751,183,2021-08-17
256,138,2021-08-17
381,371,2021-08-17
758,387,2021-08-17
397,468,2021-08-17
332,369,2021-08-17
550,356,2021-08-17
564,157,2021-08-17
163,206,2021-08-17
758,491,2021-08-17
256,326,2021-08-17
71,311,2021-08-17
20,258,2021-08-17
24,458,2021-08-17
870,329,2021-08-17
389,156,2021-08-17
970,16,2021-08-17
796,253,2021-08-17
730,463,2021-08-17
517,367,2021-08-17
319,460,2021-08-17
756,237,2021-08-17
610,487,2021-08-17
152,205,2021-08-17
858,266,2021-08-17
541,40,2021-08-17
531,172,2021-08-17
209,280,2021-08-17
741,124,2021-08-17
74,347,2021-08-17
677,297,2021-08-17
746,480,2021-08-17
320,242,2021-08-17
118,35,2021-08-17
335,488,2021-08-17
698,38,2021-08-17
304,19,2021-08-17
883,139,2021-08-17
820,430,2021-08-17
151,403,2021-08-17
694,345,2021-08-17
219,465,2021-08-17
531,66,2021-08-17
65,364,2021-08-17
733,372,2021-08-17
614,491,2021-08-17
772,464,2021-08-17
800,53,2021-08-17
551,307,2021-08-17
399,60,2021-08-17
400,171,2021-08-17
351,357,2021-08-17
502,201,2021-08-17
116,420,2021-08-17
770,331,2021-08-17
759,409,2021-08-17
770,360,2021-08-17
362,206,2021-08-17
67,361,2021-08-17
87,498,2021-08-17
911,147,2021-08-17
156,329,2021-08-17
66,58,2021-08-17
77,109,2021-08-17
959,435,2021-08-17
967,355,2021-08-17
514,59,2021-08-17
418,116,2021-08-17
566,53,2021-08-17
881,141,2021-08-17
949,266,2021-08-17
639,332,2021-08-17
386,29,2021-08-17
468,211,2021-08-17
683,408,2021-08-17
712,362,2021-08-17
375,110,2021-08-17
111,180,2021-08-17
597,184,2021-08-17
553,119,2021-08-17
155,207,2021-08-17
147,71,2021-08-17
25,362,2021-08-17
16,348,2021-08-17
965,499,2021-08-17
95,464,2021-08-17
382,224,2021-08-17
656,177,2021-08-17
752,438,2021-08-17
437,73,2021-08-17
400,468,2021-08-17
280,62,2021-08-17
113,136,2021-08-17
826,482,2021-08-17
37,75,2021-08-17
121,248,2021-08-17
879,219,2021-08-17
51,282,2021-08-17
481,226,2021-08-17
238,205,2021-08-17
884,145,2021-08-17
999,79,2021-08-17
717,160,2021-08-17
703,439,2021-08-17
851,307,2021-08-17
316,70,2021-08-17
423,296,2021-08-17
621,391,2021-08-17
149,299,2021-08-17
129,137,2021-08-17
447,78,2021-08-17
255,453,2021-08-17
380,38,2021-08-17
136,441,2021-08-17
616,154,2021-08-17
461,34,2021-08-17
535,363,2021-08-17
863,22,2021-08-17
0,90,2021-08-17
564,345,2021-08-17
453,370,2021-08-17
69,353,2021-08-17
404,145,2021-08-17
608,132,2021-08-17
446,284,2021-08-17
257,176,2021-08-17
97,221,2021-08-17
402,3,2021-08-17
146,404,2021-08-17
321,251,2021-08-17
736,336,2021-08-17
968,231,2021-08-17
815,412,2021-08-17
645,437,2021-08-17
475,306,2021-08-17
423,256,2021-08-17
563,273,2021-08-17
201,87,2021-08-17
800,434,2021-08-17
646,225,2021-08-17
42,68,2021-08-17
758,8,2021-08-17
379,478,2021-08-17
307,398,2021-08-17
590,402,2021-08-17
501,478,2021-08-17
552,191,2021-08-17
768,244,2021-08-17
921,194,2021-08-17
150,119,2021-08-17
888,110,2021-08-17
168,185,2021-08-17
235,279,2021-08-17
741,339,2021-08-17
816,3,2021-08-17
986,322,2021-08-17
677,12,2021-08-17
411,34,2021-08-17
67,217,2021-08-17
981,195,2021-08-17
847,212,2021-08-17
545,6,2021-08-17
502,424,2021-08-17
185,413,2021-08-17
836,169,2021-08-17
146,325,2021-08-17
755,332,2021-08-17
5,67,2021-08-17
523,496,2021-08-17
630,492,2021-08-17
595,391,2021-08-17
862,142,2021-08-17
423,378,2021-08-17
110,320,2021-08-17
504,116,2021-08-17
992,180,2021-08-17
839,50,2021-08-17
423,272,2021-08-17
683,44,2021-08-17
853,362,2021-08-17
551,397,2021-08-17
67,383,2021-08-17
717,462,2021-08-17
240,288,2021-08-17
230,259,2021-08-17
531,96,2021-08-17
139,417,2021-08-17
952,174,2021-08-17
474,173,2021-08-17
442,316,2021-08-17
451,471,2021-08-17
971,480,2021-08-17
902,62,2021-08-17
923,138,2021-08-17
17,130,2021-08-17
962,115,2021-08-17
750,236,2021-08-17
533,37,2021-08-17
589,384,2021-08-17
844,385,2021-08-17
68,236,2021-08-17
398,21,2021-08-17
289,346,2021-08-17
357,394,2021-08-17
651,48,2021-08-17
9,255,2021-08-17
499,269,2021-08-17
49,20,2021-08-17
64,83,2021-08-17
776,461,2021-08-17
869,325,2021-08-17
550,349,2021-08-17
127,383,2021-08-17
158,427,2021-08-17
98,359,2021-08-17
136,137,2021-08-17
592,45,2021-08-17
136,171,2021-08-17
874,473,2021-08-17
346,62,2021-08-17
876,219,2021-08-17
150,9,2021-08-17
393,41,2021-08-17
318,75,2021-08-17
768,292,2021-08-17
597,235,2021-08-17
322,350,2021-08-17
193,69,2021-08-17
59,485,2021-08-17
755,239,2021-08-17
17,67,2021-08-17
523,493,2021-08-17
748,363,2021-08-17
618,39,2021-08-17
346,342,2021-08-17
337,308,2021-08-17
302,421,2021-08-17
751,364,2021-08-17
361,339,2021-08-17
446,142,2021-08-17
166,499,2021-08-17
462,244,2021-08-17
845,376,2021-08-17
700,425,2021-08-17
298,467,2021-08-17
936,51,2021-08-17
950,352,2021-08-17
372,170,2021-08-17
873,243,2021-08-17
706,75,2021-08-17
289,387,2021-08-17
319,132,2021-08-17
866,199,2021-08-17
955,49,2021-08-17
252,108,2021-08-17
221,179,2021-08-17
86,82,2021-08-17
476,402,2021-08-17
823,404,2021-08-17
943,331,2021-08-17
342,258,2021-08-17
800,410,2021-08-17
878,140,2021-08-17
311,353,2021-08-17
492,408,2021-08-17
294,317,2021-08-17
515,433,2021-08-17
74,333,2021-08-17
41,184,2021-08-17
136,452,2021-08-17
559,153,2021-08-17
853,242,2021-08-17
181,274,2021-08-17
628,153,2021-08-17
925,101,2021-08-17
891,488,2021-08-17
255,328,2021-08-17
11,30,2021-08-17
971,79,2021-08-17
12,428,2021-08-17
319,102,2021-08-17
502,368,2021-08-17
434,265,2021-08-17
430,13,2021-08-17
822,96,2021-08-17
392,366,2021-08-17
561,455,2021-08-17
565,412,2021-08-17
390,444,2021-08-17
430,75,2021-08-17
47,42,2021-08-17
878,233,2021-08-17
401,18,2021-08-17
329,311,2021-08-17
768,362,2021-08-17
905,284,2021-08-17
302,498,2021-08-17
890,496,2021-08-17
85,378,2021-08-17
686,430,2021-08-17
476,25,2021-08-17
851,399,2021-08-17
855,433,2021-08-17
894,404,2021-08-17
101,341,2021-08-17
258,46,2021-08-17
444,474,2021-08-17
666,254,2021-08-17
400,314,2021-08-17
918,454,2021-08-17
329,457,2021-08-17
808,118,2021-08-17
960,149,2021-08-17
32,314,2021-08-17
13,19,2021-08-17
560,223,2021-08-17
495,163,2021-08-17
324,97,2021-08-17
337,482,2021-08-17
262,376,2021-08-17
670,148,2021-08-17
844,203,2021-08-17
311,102,2021-08-17
617,392,2021-08-17
500,243,2021-08-17
669,332,2021-08-17
489,208,2021-08-17
321,274,2021-08-17
247,420,2021-08-17
284,416,2021-08-17
402,298,2021-08-17
963,186,2021-08-17
871,408,2021-08-17
619,77,2021-08-17
60,114,2021-08-17
467,370,2021-08-17
562,63,2021-08-17
178,382,2021-08-17
687,40,2021-08-17
640,355,2021-08-17
152,477,2021-08-17
932,275,2021-08-17
511,274,2021-08-17
775,127,2021-08-17
59,218,2021-08-17
398,62,2021-08-17
815,333,2021-08-17
900,442,2021-08-17
702,185,2021-08-17
639,4,2021-08-17
49,458,2021-08-17
7,127,2021-08-17
837,479,2021-08-17
724,77,2021-08-17
103,387,2021-08-17
415,173,2021-08-17
526,172,2021-08-17
272,400,2021-08-17
129,170,2021-08-17
785,332,2021-08-17
916,393,2021-08-17
917,8,2021-08-17
657,416,2021-08-17
21,432,2021-08-17
482,405,2021-08-17
500,264,2021-08-17
80,496,2021-08-17
158,132,2021-08-17
533,419,2021-08-17
860,485,2021-08-17
298,49,2021-08-17
746,448,2021-08-17
374,444,2021-08-17
198,466,2021-08-17
229,245,2021-08-17
724,218,2021-08-17
945,477,2021-08-17
49,205,2021-08-17
941,215,2021-08-17
298,280,2021-08-17
647,370,2021-08-17
261,152,2021-08-17
692,194,2021-08-17
286,161,2021-08-17
47,144,2021-08-17
6,162,2021-08-17
425,40,2021-08-17
230,471,2021-08-17
805,65,2021-08-17
28,95,2021-08-17
23,16,2021-08-17
636,187,2021-08-17
761,372,2021-08-17
570,273,2021-08-17
588,394,2021-08-17
871,378,2021-08-17
47,472,2021-08-17
175,149,2021-08-17
238,98,2021-08-17
872,200,2021-08-17
784,253,2021-08-17
487,275,2021-08-17
685,259,2021-08-17
998,354,2021-08-17
683,356,2021-08-17
478,385,2021-08-17
200,300,2021-08-17
376,62,2021-08-17
610,152,2021-08-17
317,389,2021-08-17
767,449,2021-08-17
900,31,2021-08-17
290,476,2021-08-17
497,322,2021-08-17
486,254,2021-08-17
834,250,2021-08-17
260,308,2021-08-17
106,64,2021-08-17
109,47,2021-08-17
304,438,2021-08-17
207,463,2021-08-17
242,308,2021-08-17
594,295,2021-08-17
864,42,2021-08-17
427,114,2021-08-17
869,472,2021-08-17
331,398,2021-08-17
203,200,2021-08-17
767,66,2021-08-17
972,138,2021-08-17
942,143,2021-08-17
573,29,2021-08-17
27,364,2021-08-17
370,323,2021-08-17
14,446,2021-08-17
975,109,2021-08-17
541,274,2021-08-17
275,438,2021-08-17
166,176,2021-08-17
974,161,2021-08-17
425,53,2021-08-17
477,499,2021-08-17
316,208,2021-08-17
28,484,2021-08-17
219,69,2021-08-17
209,395,2021-08-17
72,315,2021-08-17
697,110,2021-08-17
623,274,2021-08-17
888,464,2021-08-17
981,268,2021-08-17
463,193,2021-08-17
491,319,2021-08-17
544,265,2021-08-17
616,380,2021-08-17
603,267,2021-08-17
717,3,2021-08-17
280,411,2021-08-17
623,136,2021-08-17
372,161,2021-08-17
381,24,2021-08-17
699,291,2021-08-17
905,178,2021-08-17
857,145,2021-08-17
158,402,2021-08-17
782,44,2021-08-17
607,473,2021-08-17
492,141,2021-08-17
560,203,2021-08-17
965,334,2021-08-17
948,488,2021-08-17
296,121,2021-08-17
363,418,2021-08-17
990,418,2021-08-17
794,192,2021-08-17
917,394,2021-08-17
287,256,2021-08-17
823,83,2021-08-17
324,30,2021-08-17
719,42,2021-08-17
997,51,2021-08-17
653,314,2021-08-17
976,355,2021-08-17
761,92,2021-08-17
48,64,2021-08-17
255,441,2021-08-17
625,18,2021-08-17
215,99,2021-08-17
260,464,2021-08-17
970,50,2021-08-17
864,252,2021-08-17
464,121,2021-08-17
255,72,2021-08-17
17,132,2021-08-17
594,301,2021-08-17
960,471,2021-08-17
728,4,2021-08-17
350,82,2021-08-17
933,177,2021-08-17
780,333,2021-08-17
420,39,2021-08-17
358,490,2021-08-17
117,29,2021-08-17
993,347,2021-08-17
788,259,2021-08-17
891,129,2021-08-17
186,74,2021-08-17
275,287,2021-08-17
380,3,2021-08-17
592,105,2021-08-17
736,407,2021-08-17
62,454,2021-08-17
779,191,2021-08-17
568,69,2021-08-17
834,68,2021-08-17
729,91,2021-08-17
754,9,2021-08-17
706,249,2021-08-17
879,25,2021-08-17
948,167,2021-08-17
390,1,2021-08-17
61,381,2021-08-17
975,276,2021-08-17
988,151,2021-08-17
872,64,2021-08-17
972,65,2021-08-17
724,417,2021-08-17
124,406,2021-08-17
311,251,2021-08-17
74,261,2021-08-17
606,310,2021-08-17
322,280,2021-08-17
50,472,2021-08-17
890,102,2021-08-17
116,44,2021-08-17
852,356,2021-08-17
733,335,2021-08-17
643,482,2021-08-17
223,31,2021-08-17
599,355,2021-08-17
755,90,2021-08-17
115,493,2021-08-17
74,431,2021-08-17
805,73,2021-08-17
796,189,2021-08-17
205,350,2021-08-17
683,187,2021-08-17
976,166,2021-08-17
126,246,2021-08-17
233,250,2021-08-17
46,10,2021-08-17
209,82,2021-08-17
108,407,2021-08-17
54,175,2021-08-17
294,359,2021-08-17
597,91,2021-08-17
6,140,2021-08-17
204,191,2021-08-17
475,420,2021-08-17
931,455,2021-08-17
33,428,2021-08-17
56,408,2021-08-17
74,348,2021-08-17
143,342,2021-08-17
631,319,2021-08-17
521,433,2021-08-17
906,131,2021-08-17
371,157,2021-08-17
795,12,2021-08-17
716,450,2021-08-17
810,437,2021-08-17
77,320,2021-08-17
788,47,2021-08-17
676,488,2021-08-17
223,418,2021-08-17
304,435,2021-08-17
645,382,2021-08-17
543,405,2021-08-17
145,13,2021-08-17
20,442,2021-08-17
625,461,2021-08-17
803,143,2021-08-17
406,338,2021-08-17
217,349,2021-08-17
467,295,2021-08-17
500,114,2021-08-17
606,182,2021-08-17
53,98,2021-08-17
629,4,2021-08-17
113,324,2021-08-17
904,128,2021-08-17
588,476,2021-08-17
158,171,2021-08-17
679,415,2021-08-17
253,330,2021-08-17
958,384,2021-08-17
616,94,2021-08-17
543,280,2021-08-17
105,53,2021-08-17
980,259,2021-08-17
425,72,2021-08-17
390,301,2021-08-17
314,460,2021-08-17
189,232,2021-08-17
402,469,2021-08-17
169,384,2021-08-17
336,258,2021-08-17
710,412,2021-08-17
26,410,2021-08-17
266,230,2021-08-17
777,246,2021-08-17
263,485,2021-08-17
49,134,2021-08-17
46,405,2021-08-17
561,232,2021-08-17
953,302,2021-08-17
767,429,2021-08-17
790,11,2021-08-17
495,443,2021-08-17
960,318,2021-08-17
252,131,2021-08-17
914,319,2021-08-17
272,398,2021-08-17
441,67,2021-08-17
346,101,2021-08-17
652,263,2021-08-17
465,340,2021-08-17
239,382,2021-08-17
869,108,2021-08-17
807,498,2021-08-17
138,291,2021-08-17
793,470,2021-08-17
752,168,2021-08-17
826,232,2021-08-17
290,317,2021-08-17
117,421,2021-08-17
367,167,2021-08-17
638,425,2021-08-17
856,240,2021-08-17
214,367,2021-08-17
616,61,2021-08-17
397,384,2021-08-17
62,273,2021-08-17
819,302,2021-08-17
434,57,2021-08-17
776,76,2021-08-17
678,491,2021-08-17
616,392,2021-08-17
888,60,2021-08-17
592,335,2021-08-17
66,197,2021-08-17
759,218,2021-08-17
844,312,2021-08-17
21,291,2021-08-17
118,292,2021-08-17
839,259,2021-08-17
3,237,2021-08-17
806,257,2021-08-17
955,445,2021-08-17
341,74,2021-08-17
735,22,2021-08-17
398,286,2021-08-17
733,337,2021-08-17
734,401,2021-08-17
189,7,2021-08-17
725,52,2021-08-17
411,66,2021-08-17
593,420,2021-08-17
645,138,2021-08-17
642,136,2021-08-17
615,54,2021-08-17
942,205,2021-08-17
743,286,2021-08-17
635,270,2021-08-17
799,392,2021-08-17
451,310,2021-08-17
147,143,2021-08-17
294,497,2021-08-17
105,251,2021-08-17
45,420,2021-08-17
41,496,2021-08-17
175,253,2021-08-17
28,436,2021-08-17
745,68,2021-08-17
886,431,2021-08-17
158,460,2021-08-17
388,120,2021-08-17
575,14,2021-08-17
325,209,2021-08-17
142,407,2021-08-17
788,106,2021-08-17
828,457,2021-08-17
124,388,2021-08-17
808,384,2021-08-17
241,26,2021-08-17
49,171,2021-08-17
75,371,2021-08-17
985,121,2021-08-17
113,71,2021-08-17
527,150,2021-08-17
381,333,2021-08-17
739,463,2021-08-17
860,135,2021-08-17
814,24,2021-08-17
536,248,2021-08-17
589,90,2021-08-17
713,204,2021-08-17
438,127,2021-08-17
188,196,2021-08-17
740,215,2021-08-17
921,359,2021-08-17
438,346,2021-08-17
898,31,2021-08-17
158,368,2021-08-17
756,292,2021-08-17
443,234,2021-08-17
512,130,2021-08-17
17,255,2021-08-17
989,138,2021-08-17
660,287,2021-08-17
696,181,2021-08-17
782,282,2021-08-17
309,4,2021-08-17
712,119,2021-08-17
557,151,2021-08-17
97,36,2021-08-17
247,128,2021-08-17
165,260,2021-08-17
519,88,2021-08-17
609,122,2021-08-17
125,463,2021-08-17
850,129,2021-08-17
660,111,2021-08-17
568,441,2021-08-17
801,61,2021-08-17
109,105,2021-08-17
921,241,2021-08-17
983,427,2021-08-17
621,340,2021-08-17
157,256,2021-08-17
683,170,2021-08-17
111,60,2021-08-17
276,12,2021-08-17
434,366,2021-08-17
139,278,2021-08-17
130,72,2021-08-17
930,186,2021-08-17
547,327,2021-08-17
841,402,2021-08-17
158,272,2021-08-17
87,11,2021-08-17
51,112,2021-08-17
164,341,2021-08-17
773,145,2021-08-17
534,345,2021-08-17
266,131,2021-08-17
25,460,2021-08-17
897,126,2021-08-17
254,495,2021-08-17
61,205,2021-08-17
843,450,2021-08-17
353,26,2021-08-17
514,336,2021-08-17
322,141,2021-08-17
501,246,2021-08-17
266,256,2021-08-17
441,351,2021-08-17
187,405,2021-08-17
254,2,2021-08-17
860,222,2021-08-17
14,391,2021-08-17
814,76,2021-08-17
333,446,2021-08-17
6,236,2021-08-17
837,198,2021-08-17
62,407,2021-08-17
946,487,2021-08-17
146,22,2021-08-17
622,390,2021-08-17
432,52,2021-08-17
182,320,2021-08-17
10,194,2021-08-17
59,475,2021-08-17
790,377,2021-08-17
483,403,2021-08-17
241,338,2021-08-17
985,431,2021-08-17
614,165,2021-08-17
695,496,2021-08-17
103,129,2021-08-17
909,352,2021-08-17
582,59,2021-08-17
978,402,2021-08-17
203,30,2021-08-17
672,474,2021-08-17
574,434,2021-08-17
771,7,2021-08-17
613,25,2021-08-17
275,348,2021-08-17
669,100,2021-08-17
463,180,2021-08-17
512,212,2021-08-17
369,237,2021-08-17
545,417,2021-08-17
966,396,2021-08-17
149,427,2021-08-17
9,220,2021-08-17
718,169,2021-08-17
405,457,2021-08-17
675,313,2021-08-17
128,426,2021-08-17
762,168,2021-08-17
659,226,2021-08-17
150,205,2021-08-17
64,212,2021-08-17
859,213,2021-08-17
638,258,2021-08-17
590,11,2021-08-17
964,353,2021-08-17
234,70,2021-08-17
247,144,2021-08-17
453,475,2021-08-17
410,61,2021-08-17
313,425,2021-08-17
99,371,2021-08-17
301,25,2021-08-17
160,411,2021-08-17
989,174,2021-08-17
122,142,2021-08-17
287,221,2021-08-17
418,217,2021-08-17
181,495,2021-08-17
875,6,2021-08-17
93,339,2021-08-17
899,496,2021-08-17
356,441,2021-08-17
195,314,2021-08-17
593,3,2021-08-17
189,397,2021-08-17
744,470,2021-08-17
747,151,2021-08-17
42,379,2021-08-17
812,81,2021-08-17
197,274,2021-08-17
683,205,2021-08-17
151,202,2021-08-17
367,185,2021-08-17
540,154,2021-08-17
0,390,2021-08-17
952,416,2021-08-17
179,113,2021-08-17
937,204,2021-08-17
964,215,2021-08-17
521,333,2021-08-17
272,314,2021-08-17
774,491,2021-08-17
989,235,2021-08-17
150,227,2021-08-17
602,440,2021-08-17
899,441,2021-08-17
863,412,2021-08-17
966,4,2021-08-17
247,489,2021-08-17
626,244,2021-08-17
612,362,2021-08-17
414,256,2021-08-17
923,466,2021-08-17
437,15,2021-08-17
108,189,2021-08-17
766,368,2021-08-17
269,378,2021-08-17
437,389,2021-08-17
712,102,2021-08-17
323,482,2021-08-17
868,368,2021-08-17
536,176,2021-08-17
143,316,2021-08-17
543,448,2021-08-17
457,53,2021-08-17
72,158,2021-08-17
256,443,2021-08-17
474,278,2021-08-17
572,474,2021-08-17
923,275,2021-08-17
149,284,2021-08-17
444,203,2021-08-17
562,160,2021-08-17
472,111,2021-08-17
919,427,2021-08-17
27,66,2021-08-17
165,171,2021-08-17
778,30,2021-08-17
998,147,2021-08-17
200,91,2021-08-17
436,319,2021-08-17
386,463,2021-08-17
4,188,2021-08-17
415,424,2021-08-17
611,371,2021-08-17
43,91,2021-08-17
504,204,2021-08-17
366,425,2021-08-17
391,333,2021-08-17
963,339,2021-08-17
670,187,2021-08-17
766,9,2021-08-17
554,499,2021-08-17
723,252,2021-08-17
35,419,2021-08-17
504,337,2021-08-17
977,243,2021-08-17
892,421,2021-08-17
72,382,2021-08-17
937,144,2021-08-17
976,241,2021-08-17
533,321,2021-08-17
182,87,2021-08-17
496,380,2021-08-17
296,219,2021-08-17
900,492,2021-08-17
605,222,2021-08-17
44,89,2021-08-17
635,0,2021-08-17
516,227,2021-08-17
196,265,2021-08-17
567,356,2021-08-17
176,482,2021-08-17
26,229,2021-08-17
504,404,2021-08-17
573,204,2021-08-17
605,296,2021-08-17
17,441,2021-08-17
807,267,2021-08-17
979,209,2021-08-17
905,476,2021-08-17
128,444,2021-08-17
253,407,2021-08-17
494,88,2021-08-17
919,350,2021-08-17
357,489,2021-08-17
384,441,2021-08-17
959,209,2021-08-17
573,272,2021-08-17
489,40,2021-08-17
552,355,2021-08-17
303,134,2021-08-17
744,267,2021-08-17
124,473,2021-08-17
154,352,2021-08-17
760,478,2021-08-17
76,70,2021-08-17
460,451,2021-08-17
547,86,2021-08-17
517,228,2021-08-17
716,230,2021-08-17
867,24,2021-08-17
861,287,2021-08-17
688,148,2021-08-17
783,196,2021-08-17
678,81,2021-08-17
691,239,2021-08-17
43,271,2021-08-17
548,303,2021-08-17
22,59,2021-08-17
957,102,2021-08-17
384,68,2021-08-17
505,68,2021-08-17
630,80,2021-08-17
907,389,2021-08-17
191,50,2021-08-17
732,161,2021-08-17
588,20,2021-08-17
352,252,2021-08-17
108,268,2021-08-17
458,305,2021-08-17
742,258,2021-08-17
760,164,2021-08-17
834,88,2021-08-17
512,85,2021-08-17
17,241,2021-08-17
220,265,2021-08-17
790,97,2021-08-17
595,275,2021-08-17
684,101,2021-08-17
241,156,2021-08-17
67,376,2021-08-17
726,452,2021-08-17
628,267,2021-08-17
351,78,2021-08-17
806,196,2021-08-17
995,277,2021-08-17
165,230,2021-08-17
396,475,2021-08-17
192,348,2021-08-17
30,363,2021-08-17
158,451,2021-08-17
356,65,2021-08-17
340,493,2021-08-17
376,117,2021-08-17
131,388,2021-08-17
385,115,2021-08-17
188,446,2021-08-17
166,199,2021-08-17
699,426,2021-08-17
913,244,2021-08-17
772,302,2021-08-17
763,116,2021-08-17
18,378,2021-08-17
389,195,2021-08-17
438,82,2021-08-17
237,422,2021-08-17
181,276,2021-08-17
474,402,2021-08-17
630,142,2021-08-17
751,321,2021-08-17
474,109,2021-08-17
166,304,2021-08-17
40,171,2021-08-17
413,1,2021-08-17
206,468,2021-08-17
812,368,2021-08-17
38,334,2021-08-17
209,68,2021-08-17
766,228,2021-08-17
438,263,2021-08-17
852,329,2021-08-17
49,224,2021-08-17
59,423,2021-08-17
857,296,2021-08-17
781,49,2021-08-17
358,218,2021-08-17
126,353,2021-08-17
446,493,2021-08-17
706,294,2021-08-17
625,496,2021-08-17
242,166,2021-08-17
663,242,2021-08-17
198,19,2021-08-17
814,11,2021-08-17
702,269,2021-08-17
631,66,2021-08-17
637,332,2021-08-17
609,365,2021-08-17
135,107,2021-08-17
826,11,2021-08-17
881,240,2021-08-17
615,65,2021-08-17
18,244,2021-08-17
53,406,2021-08-17
788,64,2021-08-17
155,32,2021-08-17
750,141,2021-08-17
475,338,2021-08-17
40,14,2021-08-17
573,430,2021-08-17
687,300,2021-08-17
470,307,2021-08-17
93,135,2021-08-17
357,488,2021-08-17
750,84,2021-08-17
330,244,2021-08-17
942,499,2021-08-17
972,286,2021-08-17
548,199,2021-08-17
972,6,2021-08-17
43,73,2021-08-17
330,386,2021-08-17
313,447,2021-08-17
440,318,2021-08-17
130,368,2021-08-17
942,5,2021-08-17
182,491,2021-08-17
657,195,2021-08-17
413,415,2021-08-17
386,277,2021-08-17
130,152,2021-08-17
385,225,2021-08-17
155,246,2021-08-17
478,244,2021-08-17
372,57,2021-08-17
560,104,2021-08-17
246,264,2021-08-17
155,169,2021-08-17
357,322,2021-08-17
919,276,2021-08-17
50,454,2021-08-17
647,255,2021-08-17
999,251,2021-08-17
688,195,2021-08-17
286,275,2021-08-17
333,105,2021-08-17
553,128,2021-08-17
190,67,2021-08-17
688,124,2021-08-17
317,68,2021-08-17
38,241,2021-08-17
639,58,2021-08-17
836,53,2021-08-17
567,14,2021-08-17
443,267,2021-08-17
7,214,2021-08-17
271,435,2021-08-17
760,277,2021-08-17
294,168,2021-08-17
968,51,2021-08-17
294,78,2021-08-17
538,205,2021-08-17
352,483,2021-08-17
590,317,2021-08-17
426,80,2021-08-17
42,153,2021-08-17
969,134,2021-08-17
144,447,2021-08-17
883,273,2021-08-17
675,254,2021-08-17
430,29,2021-08-17
166,137,2021-08-17
34,74,2021-08-17
821,250,2021-08-17
453,387,2021-08-17
168,338,2021-08-17
813,346,2021-08-17
688,406,2021-08-17
877,176,2021-08-17
159,474,2021-08-17
177,343,2021-08-17
44,294,2021-08-17
440,104,2021-08-17
501,93,2021-08-17
667,312,2021-08-17
340,375,2021-08-17
607,409,2021-08-17
826,2,2021-08-17
780,393,2021-08-17
38,1,2021-08-17
615,273,2021-08-17
834,488,2021-08-17
232,438,2021-08-17
998,338,2021-08-17
559,187,2021-08-17
890,89,2021-08-17
255,121,2021-08-17
117,214,2021-08-17
816,219,2021-08-17
148,260,2021-08-17
867,265,2021-08-17
947,182,2021-08-17
360,447,2021-08-17
422,362,2021-08-17
663,43,2021-08-17
598,174,2021-08-17
259,164,2021-08-17
607,141,2021-08-17
571,40,2021-08-17
957,328,2021-08-17
490,174,2021-08-17
900,441,2021-08-17
881,448,2021-08-17
782,315,2021-08-17
872,256,2021-08-17
185,106,2021-08-17
238,174,2021-08-17
157,108,2021-08-17
73,207,2021-08-17
897,92,2021-08-17
390,243,2021-08-17
3,300,2021-08-17
844,411,2021-08-17
644,298,2021-08-17
516,449,2021-08-17
471,239,2021-08-17
126,355,2021-08-17
780,298,2021-08-17
389,217,2021-08-17
825,430,2021-08-17
554,360,2021-08-17
683,215,2021-08-17
300,33,2021-08-17
778,151,2021-08-17
176,463,2021-08-17
338,51,2021-08-17
625,321,2021-08-17
636,101,2021-08-17
590,152,2021-08-17
149,123,2021-08-17
363,360,2021-08-17
817,396,2021-08-17
965,497,2021-08-17
418,335,2021-08-17
771,497,2021-08-17
341,160,2021-08-17
910,301,2021-08-17
433,301,2021-08-17
710,434,2021-08-17
503,453,2021-08-17
732,396,2021-08-17
624,270,2021-08-17
83,396,2021-08-17
452,490,2021-08-17
473,494,2021-08-17
80,267,2021-08-17
794,345,2021-08-17
584,41,2021-08-17
241,132,2021-08-17
718,168,2021-08-17
780,106,2021-08-17
891,242,2021-08-17
991,185,2021-08-17
538,472,2021-08-17
736,495,2021-08-17
170,469,2021-08-17
459,223,2021-08-17
333,439,2021-08-17
849,147,2021-08-17
645,42,2021-08-17
646,300,2021-08-17
891,207,2021-08-17
972,345,2021-08-17
668,182,2021-08-17
235,433,2021-08-17
429,186,2021-08-17
892,48,2021-08-17
807,485,2021-08-17
16,253,2021-08-17
249,474,2021-08-17
557,475,2021-08-17
416,37,2021-08-17
979,111,2021-08-17
653,6,2021-08-17
795,124,2021-08-17
236,92,2021-08-17
375,21,2021-08-17
954,274,2021-08-17
437,155,2021-08-17
665,439,2021-08-17
969,292,2021-08-17
354,96,2021-08-17
108,37,2021-08-17
13,192,2021-08-17
219,498,2021-08-17
415,354,2021-08-17
494,179,2021-08-17
229,471,2021-08-17
369,323,2021-08-17
163,56,2021-08-17
267,130,2021-08-17
197,442,2021-08-17
433,430,2021-08-17
502,450,2021-08-17
61,213,2021-08-17
72,134,2021-08-17
627,398,2021-08-17
633,432,2021-08-17
576,126,2021-08-17
878,5,2021-08-17
676,483,2021-08-17
440,229,2021-08-17
585,232,2021-08-17
853,459,2021-08-17
452,314,2021-08-17
340,449,2021-08-17
269,374,2021-08-17
701,316,2021-08-17
2,100,2021-08-17
373,147,2021-08-17
318,131,2021-08-17
755,264,2021-08-17
941,43,2021-08-17
691,461,2021-08-17
612,249,2021-08-17
443,175,2021-08-17
616,433,2021-08-17
104,212,2021-08-17
274,390,2021-08-17
747,264,2021-08-17
709,285,2021-08-17
948,98,2021-08-17
913,228,2021-08-17
220,167,2021-08-17
633,486,2021-08-17
542,39,2021-08-17
94,240,2021-08-17
375,486,2021-08-17
676,1,2021-08-17
49,239,2021-08-17
989,142,2021-08-17
203,227,2021-08-17
921,308,2021-08-17
132,226,2021-08-17
124,380,2021-08-17
529,247,2021-08-17
924,355,2021-08-17
333,411,2021-08-17
679,308,2021-08-17
680,375,2021-08-17
354,114,2021-08-17
380,62,2021-08-17
346,348,2021-08-17
743,93,2021-08-17
589,2,2021-08-17
653,237,2021-08-17
268,249,2021-08-17
998,210,2021-08-17
240,235,2021-08-17
91,6,2021-08-17
608,343,2021-08-17
228,141,2021-08-17
888,386,2021-08-17
739,302,2021-08-17
231,430,2021-08-17
331,482,2021-08-17
437,378,2021-08-17
631,202,2021-08-17
417,112,2021-08-17
91,123,2021-08-17
192,444,2021-08-17
516,191,2021-08-17
469,314,2021-08-17
978,48,2021-08-17
324,191,2021-08-17
479,102,2021-08-17
624,133,2021-08-17
987,126,2021-08-17
400,202,2021-08-17
955,406,2021-08-17
302,431,2021-08-17
976,9,2021-08-17
871,177,2021-08-17
118,66,2021-08-17
345,31,2021-08-17
470,94,2021-08-17
849,287,2021-08-17
322,142,2021-08-17
305,29,2021-08-17
566,145,2021-08-17
541,224,2021-08-17
254,158,2021-08-17
302,62,2021-08-17
163,413,2021-08-17
475,116,2021-08-17
636,136,2021-08-17
225,499,2021-08-17
28,45,2021-08-17
644,378,2021-08-17
383,345,2021-08-17
589,274,2021-08-17
724,217,2021-08-17
248,405,2021-08-17
326,264,2021-08-17
548,406,2021-08-17
863,14,2021-08-17
945,314,2021-08-17
550,295,2021-08-17
966,455,2021-08-17
174,122,2021-08-17
798,483,2021-08-17
213,23,2021-08-17
453,341,2021-08-17
986,400,2021-08-17
362,149,2021-08-17
602,434,2021-08-17
233,235,2021-08-17
184,164,2021-08-17
609,79,2021-08-17
571,466,2021-08-17
286,200,2021-08-17
660,75,2021-08-17
152,469,2021-08-17
65,31,2021-08-17
692,125,2021-08-17
608,40,2021-08-17
486,35,2021-08-17
803,245,2021-08-17
199,155,2021-08-17
201,413,2021-08-17
60,248,2021-08-17
108,14,2021-08-17
166,156,2021-08-17
815,439,2021-08-17
39,384,2021-08-17
752,227,2021-08-17
280,320,2021-08-17
205,265,2021-08-17
189,179,2021-08-17
792,15,2021-08-17
908,262,2021-08-17
84,117,2021-08-17
356,492,2021-08-17
187,245,2021-08-17
701,355,2021-08-17
646,224,2021-08-17
229,412,2021-08-17
687,336,2021-08-17
343,136,2021-08-17
271,273,2021-08-17
874,246,2021-08-17
711,484,2021-08-17
608,227,2021-08-17
693,494,2021-08-17
460,232,2021-08-17
534,421,2021-08-17
286,478,2021-08-17
219,258,2021-08-17
711,236,2021-08-17
77,204,2021-08-17
898,230,2021-08-17
811,410,2021-08-17
11,371,2021-08-17
102,319,2021-08-17
597,406,2021-08-17
51,55,2021-08-17
371,315,2021-08-17
524,446,2021-08-17
608,13,2021-08-17
559,193,2021-08-17
198,176,2021-08-17
693,19,2021-08-17
422,443,2021-08-17
510,311,2021-08-17
739,451,2021-08-17
909,412,2021-08-17
554,173,2021-08-17
562,219,2021-08-17
478,9,2021-08-17
162,233,2021-08-17
517,478,2021-08-17
552,24,2021-08-17
950,394,2021-08-17
933,181,2021-08-17
788,360,2021-08-17
743,333,2021-08-17
621,387,2021-08-17
769,394,2021-08-17
589,322,2021-08-17
734,117,2021-08-17
614,454,2021-08-17
449,13,2021-08-17
929,126,2021-08-17
322,205,2021-08-17
384,255,2021-08-17
176,453,2021-08-17
127,492,2021-08-17
8,492,2021-08-17
221,295,2021-08-17
779,371,2021-08-17
43,324,2021-08-17
780,63,2021-08-17
161,233,2021-08-17
862,79,2021-08-17
902,103,2021-08-17
661,371,2021-08-17
527,184,2021-08-17
624,49,2021-08-17
646,76,2021-08-17
289,74,2021-08-17
16,215,2021-08-17
144,198,2021-08-17
309,326,2021-08-17
291,174,2021-08-17
52,370,2021-08-17
300,473,2021-08-17
282,326,2021-08-17
985,196,2021-08-17
222,6,2021-08-17
904,345,2021-08-17
907,89,2021-08-17
750,245,2021-08-17
326,160,2021-08-17
931,105,2021-08-17
507,224,2021-08-17
940,301,2021-08-17
574,184,2021-08-17
283,51,2021-08-17
284,305,2021-08-17
498,245,2021-08-17
596,83,2021-08-17
984,320,2021-08-17
186,338,2021-08-17
186,384,2021-08-17
468,211,2021-08-17
129,223,2021-08-17
378,356,2021-08-17
549,261,2021-08-17
897,305,2021-08-17
676,78,2021-08-17
405,257,2021-08-17
706,375,2021-08-17
928,174,2021-08-17
678,188,2021-08-17
494,167,2021-08-17
579,146,2021-08-17
16,151,2021-08-17
99,393,2021-08-17
875,424,2021-08-17
555,352,2021-08-17
96,348,2021-08-17
321,297,2021-08-17
90,492,2021-08-17
353,50,2021-08-17
543,348,2021-08-17
390,407,2021-08-17
63,374,2021-08-17
871,96,2021-08-17
564,180,2021-08-17
447,392,2021-08-17
521,399,2021-08-17
109,173,2021-08-17
314,235,2021-08-17
616,27,2021-08-17
42,14,2021-08-17
460,51,2021-08-17
599,240,2021-08-17
54,12,2021-08-17
987,147,2021-08-17
21,227,2021-08-17
499,161,2021-08-17
67,476,2021-08-17
970,486,2021-08-17
526,142,2021-08-17
377,241,2021-08-17
827,415,2021-08-17
660,84,2021-08-17
305,31,2021-08-17
549,219,2021-08-17
73,388,2021-08-17
597,138,2021-08-17
455,7,2021-08-17
204,407,2021-08-17
662,291,2021-08-17
952,105,2021-08-17
875,477,2021-08-17
738,316,2021-08-17
183,446,2021-08-17
462,399,2021-08-17
641,273,2021-08-17
644,335,2021-08-17
830,95,2021-08-17
413,232,2021-08-17
755,239,2021-08-17
912,375,2021-08-17
967,485,2021-08-17
487,318,2021-08-17
709,181,2021-08-17
697,31,2021-08-17
671,284,2021-08-17
639,325,2021-08-17
629,197,2021-08-17
361,197,2021-08-17
620,301,2021-08-17
568,339,2021-08-17
735,20,2021-08-17
642,96,2021-08-17
797,317,2021-08-17
250,444,2021-08-17
777,143,2021-08-17
402,6,2021-08-17
356,434,2021-08-17
664,280,2021-08-17
924,108,2021-08-17
847,298,2021-08-17
473,419,2021-08-17
815,215,2021-08-17
510,380,2021-08-17
399,286,2021-08-17
121,300,2021-08-17
393,292,2021-08-17
497,357,2021-08-17
912,147,2021-08-17
854,7,2021-08-17
873,324,2021-08-17
173,413,2021-08-17
613,41,2021-08-17
456,169,2021-08-17
13,497,2021-08-17
642,170,2021-08-17
775,23,2021-08-17
994,268,2021-08-17
756,44,2021-08-17
833,375,2021-08-17
496,303,2021-08-17
848,250,2021-08-17
156,419,2021-08-17
463,209,2021-08-17
563,114,2021-08-17
396,492,2021-08-17
834,302,2021-08-17
390,149,2021-08-17
769,493,2021-08-17
421,142,2021-08-17
627,246,2021-08-17
964,465,2021-08-17
304,363,2021-08-17
644,262,2021-08-17
220,488,2021-08-17
820,236,2021-08-17
214,459,2021-08-17
28,310,2021-08-17
59,294,2021-08-17
203,125,2021-08-17
672,234,2021-08-17
445,11,2021-08-17
128,53,2021-08-17
593,438,2021-08-17
354,81,2021-08-17
88,358,2021-08-17
717,63,2021-08-17
341,211,2021-08-17
585,360,2021-08-17
560,479,2021-08-17
683,63,2021-08-17
721,351,2021-08-17
547,315,2021-08-17
686,363,2021-08-17
775,311,2021-08-17
347,414,2021-08-17
793,318,2021-08-17
608,94,2021-08-17
661,290,2021-08-17
806,430,2021-08-17
532,305,2021-08-17
637,418,2021-08-17
285,180,2021-08-17
69,344,2021-08-17
513,344,2021-08-17
658,209,2021-08-17
140,204,2021-08-17
681,472,2021-08-17
829,95,2021-08-17
299,491,2021-08-17
980,274,2021-08-17
189,130,2021-08-17
263,110,2021-08-17
895,290,2021-08-17
674,492,2021-08-17
633,102,2021-08-17
511,45,2021-08-17
604,130,2021-08-17
982,289,2021-08-17
829,101,2021-08-17
729,449,2021-08-17
541,387,2021-08-17
528,327,2021-08-17
875,345,2021-08-17
771,272,2021-08-17
730,324,2021-08-17
371,348,2021-08-17
839,453,2021-08-17
607,35,2021-08-17
286,281,2021-08-17
634,331,2021-08-17
195,98,2021-08-17
698,295,2021-08-17
956,33,2021-08-17
384,246,2021-08-17
934,279,2021-08-17
883,242,2021-08-17
929,282,2021-08-17
299,159,2021-08-17
844,270,2021-08-17
844,250,2021-08-17
366,311,2021-08-17
463,103,2021-08-17
842,105,2021-08-17
337,204,2021-08-17
478,168,2021-08-17
489,466,2021-08-17
617,385,2021-08-17
885,39,2021-08-17
28,320,2021-08-17
503,183,2021-08-17
30,18,2021-08-17
584,402,2021-08-17
781,68,2021-08-17
868,260,2021-08-17
384,458,2021-08-17
597,258,2021-08-17
395,328,2021-08-17
359,149,2021-08-17
726,378,2021-08-17
863,202,2021-08-17
661,123,2021-08-17
599,289,2021-08-17
305,301,2021-08-17
881,82,2021-08-17
860,417,2021-08-17
653,32,2021-08-17
779,458,2021-08-17
359,316,2021-08-17
663,19,2021-08-17
651,28,2021-08-17
179,422,2021-08-17
396,429,2021-08-17
264,337,2021-08-17
210,9,2021-08-17
985,408,2021-08-17
190,241,2021-08-17
820,435,2021-08-17
493,161,2021-08-17
303,274,2021-08-17
379,456,2021-08-17
301,322,2021-08-17
338,432,2021-08-17
449,453,2021-08-17
574,288,2021-08-17
679,350,2021-08-17
174,73,2021-08-17
178,338,2021-08-17
841,385,2021-08-17
906,63,2021-08-17
126,443,2021-08-17
524,496,2021-08-17
155,204,2021-08-17
955,305,2021-08-17
915,223,2021-08-17
917,449,2021-08-17
712,385,2021-08-17
185,374,2021-08-17
570,157,2021-08-17
90,196,2021-08-17
182,118,2021-08-17
443,259,2021-08-17
498,62,2021-08-17
549,489,2021-08-17
678,93,2021-08-17
75,15,2021-08-17
80,29,2021-08-17
335,224,2021-08-17
531,205,2021-08-17
963,43,2021-08-17
481,24,2021-08-17
737,328,2021-08-17
23,104,2021-08-17
436,468,2021-08-17
81,474,2021-08-17
763,372,2021-08-17
591,384,2021-08-17
149,135,2021-08-17
100,447,2021-08-17
580,296,2021-08-17
807,392,2021-08-17
763,164,2021-08-17
785,16,2021-08-17
324,325,2021-08-17
625,231,2021-08-17
254,238,2021-08-17
139,457,2021-08-17
200,485,2021-08-17
201,445,2021-08-17
233,162,2021-08-17
372,67,2021-08-17
590,30,2021-08-17
811,373,2021-08-17
329,31,2021-08-17
443,206,2021-08-17
616,124,2021-08-17
868,426,2021-08-17
166,263,2021-08-17
277,88,2021-08-17
318,132,2021-08-17
207,257,2021-08-17
631,263,2021-08-17
44,242,2021-08-17
48,61,2021-08-17
57,12,2021-08-17
910,470,2021-08-17
823,389,2021-08-17
763,419,2021-08-17
423,90,2021-08-17
451,245,2021-08-17
835,124,2021-08-17
972,100,2021-08-17
39,471,2021-08-17
187,360,2021-08-17
570,283,2021-08-17
18,67,2021-08-17
490,206,2021-08-17
206,349,2021-08-17
654,71,2021-08-17
243,46,2021-08-17
497,39,2021-08-17
100,226,2021-08-17
504,30,2021-08-17
575,357,2021-08-17
980,396,2021-08-17
809,92,2021-08-17
963,485,2021-08-17
233,240,2021-08-17
562,444,2021-08-17
920,149,2021-08-17
674,478,2021-08-17
232,3,2021-08-17
579,55,2021-08-17
937,435,2021-08-17
315,498,2021-08-17
614,303,2021-08-17
58,162,2021-08-17
571,4,2021-08-17
278,250,2021-08-17
889,378,2021-08-17
683,85,2021-08-17
759,377,2021-08-17
845,25,2021-08-17
632,451,2021-08-17
123,16,2021-08-17
216,385,2021-08-17
252,216,2021-08-17
241,140,2021-08-17
795,102,2021-08-17
959,41,2021-08-17
769,353,2021-08-17
887,93,2021-08-17
917,26,2021-08-17
6,461,2021-08-17
998,262,2021-08-17
165,196,2021-08-17
236,420,2021-08-17
450,492,2021-08-17
440,296,2021-08-17
627,470,2021-08-17
624,335,2021-08-17
400,384,2021-08-17
173,445,2021-08-17
683,485,2021-08-17
30,439,2021-08-17
930,138,2021-08-17
568,135,2021-08-17
263,64,2021-08-17
845,78,2021-08-17
341,35,2021-08-17
962,227,2021-08-17
744,435,2021-08-17
793,221,2021-08-17
321,324,2021-08-17
311,461,2021-08-17
317,374,2021-08-17
493,215,2021-08-17
20,57,2021-08-17
848,304,2021-08-17
990,365,2021-08-17
701,432,2021-08-17
126,338,2021-08-17
857,170,2021-08-17
231,262,2021-08-17
529,108,2021-08-17
674,259,2021-08-17
247,6,2021-08-17
254,428,2021-08-17
430,357,2021-08-17
124,221,2021-08-17
612,420,2021-08-17
203,483,2021-08-17
344,360,2021-08-17
596,319,2021-08-17
25,312,2021-08-17
66,233,2021-08-17
42,95,2021-08-17
456,127,2021-08-17
536,373,2021-08-17
699,128,2021-08-17
969,309,2021-08-17
438,129,2021-08-17
714,175,2021-08-17
83,484,2021-08-17
2,21,2021-08-17
267,487,2021-08-17
485,402,2021-08-17
162,32,2021-08-17
553,474,2021-08-17
659,224,2021-08-17
133,94,2021-08-17
805,279,2021-08-17
392,170,2021-08-17
400,454,2021-08-17
625,425,2021-08-17
911,456,2021-08-17
106,308,2021-08-17
666,499,2021-08-17
389,474,2021-08-17
976,36,2021-08-17
601,478,2021-08-17
956,237,2021-08-17
147,301,2021-08-17
676,74,2021-08-17
100,268,2021-08-17
568,35,2021-08-17
66,30,2021-08-17
248,365,2021-08-17
948,26,2021-08-17
49,13,2021-08-17
952,165,2021-08-17
869,471,2021-08-17
984,212,2021-08-17
52,331,2021-08-17
874,292,2021-08-17
235,112,2021-08-17
128,124,2021-08-17
747,185,2021-08-17
915,366,2021-08-17
598,58,2021-08-17
17,259,2021-08-17
472,66,2021-08-17
912,31,2021-08-17
206,17,2021-08-17
659,227,2021-08-17
850,463,2021-08-17
505,160,2021-08-17
826,95,2021-08-17
169,107,2021-08-17
438,25,2021-08-17
930,248,2021-08-17
624,112,2021-08-17
449,45,2021-08-17
618,365,2021-08-17
644,383,2021-08-17
673,288,2021-08-17
951,80,2021-08-17
444,185,2021-08-17
11,186,2021-08-17
444,308,2021-08-17
281,258,2021-08-17
588,257,2021-08-17
346,200,2021-08-17
861,420,2021-08-17
108,352,2021-08-17
390,357,2021-08-17
806,319,2021-08-17
685,51,2021-08-17
421,86,2021-08-17
586,28,2021-08-17
708,152,2021-08-17
428,443,2021-08-17
358,481,2021-08-17
511,238,2021-08-17
442,24,2021-08-17
593,276,2021-08-17
581,192,2021-08-17
758,453,2021-08-17
815,293,2021-08-17
177,239,2021-08-17
465,144,2021-08-17
474,331,2021-08-17
146,486,2021-08-17
6,295,2021-08-17
220,105,2021-08-17
823,402,2021-08-17
334,285,2021-08-17
696,479,2021-08-17
267,292,2021-08-17
915,226,2021-08-17
508,399,2021-08-17
706,469,2021-08-17
405,476,2021-08-17
152,471,2021-08-17
284,455,2021-08-17
955,296,2021-08-17
6,302,2021-08-17
166,156,2021-08-17
632,220,2021-08-17
441,266,2021-08-17
912,340,2021-08-17
219,370,2021-08-17
285,494,2021-08-17
589,81,2021-08-17
597,138,2021-08-17
93,103,2021-08-17
216,94,2021-08-17
906,91,2021-08-17
60,464,2021-08-17
229,340,2021-08-17
139,130,2021-08-17
673,11,2021-08-17
32,233,2021-08-17
174,367,2021-08-17
510,428,2021-08-17
833,73,2021-08-17
758,419,2021-08-17
312,131,2021-08-17
959,478,2021-08-17
197,143,2021-08-17
315,463,2021-08-17
361,79,2021-08-17
855,306,2021-08-17
470,187,2021-08-17
55,477,2021-08-17
902,476,2021-08-17
627,65,2021-08-17
139,481,2021-08-17
624,418,2021-08-17
303,132,2021-08-17
496,248,2021-08-17
589,94,2021-08-17
653,429,2021-08-17
110,171,2021-08-17
320,69,2021-08-17
812,246,2021-08-17
138,262,2021-08-17
706,259,2021-08-17
848,69,2021-08-17
301,20,2021-08-17
635,378,2021-08-17
0,317,2021-08-17
0,312,2021-08-17
691,287,2021-08-17
338,409,2021-08-17
46,367,2021-08-17
115,415,2021-08-17
862,460,2021-08-17
16,162,2021-08-17
844,27,2021-08-17
528,93,2021-08-17
906,489,2021-08-17
87,299,2021-08-17
464,366,2021-08-17
706,448,2021-08-17
945,310,2021-08-17
942,238,2021-08-17
339,249,2021-08-17
477,141,2021-08-17
931,144,2021-08-17
211,47,2021-08-17
461,344,2021-08-17
515,20,2021-08-17
940,91,2021-08-17
748,433,2021-08-17
65,301,2021-08-17
521,338,2021-08-17
10,209,2021-08-17
164,242,2021-08-17
204,36,2021-08-17
33,219,2021-08-17
63,442,2021-08-17
343,279,2021-08-17
76,140,2021-08-17
448,86,2021-08-17
210,234,2021-08-17
260,119,2021-08-17
939,270,2021-08-17
712,464,2021-08-17
612,60,2021-08-17
186,255,2021-08-17
841,99,2021-08-17
204,142,2021-08-17
135,177,2021-08-17
161,281,2021-08-17
594,19,2021-08-17
361,249,2021-08-17
900,348,2021-08-17
0,253,2021-08-17
546,331,2021-08-17
532,397,2021-08-17
187,207,2021-08-17
874,299,2021-08-17
349,338,2021-08-17
88,372,2021-08-17
246,108,2021-08-17
540,19,2021-08-17
622,355,2021-08-17
103,196,2021-08-17
90,423,2021-08-17
651,164,2021-08-17
445,182,2021-08-17
461,378,2021-08-17
724,238,2021-08-17
408,182,2021-08-17
80,360,2021-08-17
629,88,2021-08-17
558,44,2021-08-17
217,140,2021-08-17
164,364,2021-08-17
838,347,2021-08-17
209,188,2021-08-17
160,438,2021-08-17
428,448,2021-08-17
662,496,2021-08-17
508,50,2021-08-17
474,236,2021-08-17
689,195,2021-08-17
431,122,2021-08-17
589,36,2021-08-17
254,262,2021-08-17
676,289,2021-08-17
704,207,2021-08-17
380,140,2021-08-17
199,300,2021-08-17
273,281,2021-08-17
480,103,2021-08-17
390,401,2021-08-17
578,443,2021-08-17
797,94,2021-08-17
970,5,2021-08-17
682,447,2021-08-17
930,172,2021-08-17
986,15,2021-08-17
741,7,2021-08-17
573,114,2021-08-17
848,246,2021-08-17
201,294,2021-08-17
414,79,2021-08-17
747,151,2021-08-17
472,273,2021-08-17
870,490,2021-08-17
221,154,2021-08-17
621,385,2021-08-17
489,290,2021-08-17
377,51,2021-08-17
237,6,2021-08-17
35,286,2021-08-17
510,322,2021-08-17
103,497,2021-08-17
632,365,2021-08-17
129,373,2021-08-17
537,289,2021-08-17
714,343,2021-08-17
877,66,2021-08-17
484,493,2021-08-17
508,27,2021-08-17
428,176,2021-08-17
190,86,2021-08-17
256,414,2021-08-17
884,60,2021-08-17
752,65,2021-08-17
726,211,2021-08-17
504,162,2021-08-17
533,439,2021-08-17
471,416,2021-08-17
515,313,2021-08-17
246,48,2021-08-17
264,413,2021-08-17
388,427,2021-08-17
894,32,2021-08-17
842,11,2021-08-17
674,92,2021-08-17
669,70,2021-08-17
760,84,2021-08-17
999,39,2021-08-17
703,452,2021-08-17
14,127,2021-08-17
47,199,2021-08-17
916,146,2021-08-17
720,288,2021-08-17
446,408,2021-08-17
880,484,2021-08-17
540,283,2021-08-17
164,24,2021-08-17
283,131,2021-08-17
128,462,2021-08-17
7,205,2021-08-17
126,470,2021-08-17
931,394,2021-08-17
618,336,2021-08-17
664,196,2021-08-17
890,3,2021-08-17
193,176,2021-08-17
472,210,2021-08-17
826,73,2021-08-17
718,136,2021-08-17
825,354,2021-08-17
430,139,2021-08-17
492,342,2021-08-17
526,357,2021-08-17
397,480,2021-08-17
310,21,2021-08-17
471,279,2021-08-17
359,84,2021-08-17
269,361,2021-08-17
840,481,2021-08-17
5,360,2021-08-17
843,399,2021-08-17
782,290,2021-08-17
69,45,2021-08-17
570,63,2021-08-17
793,444,2021-08-17
459,244,2021-08-17
232,145,2021-08-17
585,442,2021-08-17
915,248,2021-08-17
185,17,2021-08-17
454,177,2021-08-17
317,236,2021-08-17
657,98,2021-08-17
570,132,2021-08-17
888,481,2021-08-17
659,296,2021-08-17
954,228,2021-08-17
168,271,2021-08-17
775,242,2021-08-17
564,159,2021-08-17
320,404,2021-08-17
433,312,2021-08-17
819,112,2021-08-17
645,421,2021-08-17
9,409,2021-08-17
966,328,2021-08-17
877,125,2021-08-17
8,106,2021-08-17
389,55,2021-08-17
191,113,2021-08-17
684,60,2021-08-17
865,302,2021-08-17
578,491,2021-08-17
720,63,2021-08-17
248,64,2021-08-17
799,451,2021-08-17
188,192,2021-08-17
843,460,2021-08-17
2,457,2021-08-17
619,360,2021-08-17
789,240,2021-08-17
639,141,2021-08-17
455,186,2021-08-17
721,412,2021-08-17
50,138,2021-08-17
527,399,2021-08-17
924,456,2021-08-17
120,291,2021-08-17
73,336,2021-08-17
10,451,2021-08-17
262,247,2021-08-17
176,469,2021-08-17
348,296,2021-08-17
713,132,2021-08-17
467,23,2021-08-17
891,254,2021-08-17
900,340,2021-08-17
933,434,2021-08-17
189,67,2021-08-17
728,471,2021-08-17
771,110,2021-08-17
663,329,2021-08-17
243,476,2021-08-17
94,127,2021-08-17
466,157,2021-08-17
790,291,2021-08-17
72,50,2021-08-17
71,134,2021-08-17
822,410,2021-08-17
927,258,2021-08-17
912,457,2021-08-17
867,457,2021-08-17
937,141,2021-08-17
836,208,2021-08-17
203,371,2021-08-17
882,42,2021-08-17
979,248,2021-08-17
916,451,2021-08-17
769,428,2021-08-17
561,154,2021-08-17
857,122,2021-08-17
944,450,2021-08-17
3,233,2021-08-17
859,422,2021-08-17
724,352,2021-08-17
6,103,2021-08-17
895,171,2021-08-17
781,313,2021-08-17
207,493,2021-08-17
896,294,2021-08-17
545,168,2021-08-17
556,358,2021-08-17
741,101,2021-08-17
862,270,2021-08-17
229,14,2021-08-17
70,241,2021-08-17
428,104,2021-08-17
685,133,2021-08-17
912,342,2021-08-17
893,418,2021-08-17
327,218,2021-08-17
938,265,2021-08-17
643,152,2021-08-17
321,242,2021-08-17
827,321,2021-08-17
146,234,2021-08-17
328,289,2021-08-17
538,468,2021-08-17
770,37,2021-08-17
543,54,2021-08-17
659,169,2021-08-17
824,21,2021-08-17
570,281,2021-08-17
588,27,2021-08-17
937,234,2021-08-17
9,264,2021-08-17
575,359,2021-08-17
460,203,2021-08-17
308,435,2021-08-17
902,223,2021-08-17
86,49,2021-08-17
30,226,2021-08-17
742,484,2021-08-17
11,233,2021-08-17
405,300,2021-08-17
661,466,2021-08-17
8,178,2021-08-17
284,48,2021-08-17
118,251,2021-08-17
512,153,2021-08-17
461,154,2021-08-17
224,446,2021-08-17
544,186,2021-08-17
998,284,2021-08-17
94,474,2021-08-17
249,388,2021-08-17
335,264,2021-08-17
957,9,2021-08-17
129,359,2021-08-17
714,159,2021-08-17
454,483,2021-08-17
55,344,2021-08-17
407,409,2021-08-17
308,380,2021-08-17
728,275,2021-08-17
433,37,2021-08-17
5,233,2021-08-17
683,377,2021-08-17
513,319,2021-08-17
887,391,2021-08-17
937,121,2021-08-17
984,53,2021-08-17
709,121,2021-08-17
743,368,2021-08-17
478,229,2021-08-17
231,17,2021-08-17
646,64,2021-08-17
502,446,2021-08-17
405,340,2021-08-17
285,168,2021-08-17
492,208,2021-08-17
290,123,2021-08-17
207,282,2021-08-17
193,182,2021-08-17
809,250,2021-08-17
948,474,2021-08-17
390,117,2021-08-17
446,292,2021-08-17
661,398,2021-08-17
71,92,2021-08-17
466,211,2021-08-17
739,425,2021-08-17
573,336,2021-08-17
192,54,2021-08-17
712,18,2021-08-17
580,408,2021-08-17
864,238,2021-08-17
627,453,2021-08-17
705,164,2021-08-17
286,343,2021-08-17
866,150,2021-08-17
203,96,2021-08-17
877,354,2021-08-17
470,142,2021-08-17
280,90,2021-08-17
703,17,2021-08-17
47,400,2021-08-17
79,471,2021-08-17
230,168,2021-08-17
522,260,2021-08-17
15,226,2021-08-17
227,226,2021-08-17
859,302,2021-08-17
953,16,2021-08-17
178,240,2021-08-17
675,228,2021-08-17
67,192,2021-08-17
161,79,2021-08-17
960,433,2021-08-17
573,422,2021-08-17
545,252,2021-08-17
500,225,2021-08-17
434,226,2021-08-17
247,159,2021-08-17
643,66,2021-08-17
938,154,2021-08-17
664,131,2021-08-17
573,183,2021-08-17
463,123,2021-08-17
197,395,2021-08-17
943,258,2021-08-17
274,143,2021-08-17
873,130,2021-08-17
912,87,2021-08-17
249,320,2021-08-17
631,274,2021-08-17
717,148,2021-08-17
263,156,2021-08-17
811,6,2021-08-17
539,231,2021-08-17
164,204,2021-08-17
716,197,2021-08-17
573,411,2021-08-17
71,292,2021-08-17
791,120,2021-08-17
360,20,2021-08-17
943,146,2021-08-17
215,188,2021-08-17
242,244,2021-08-17
739,32,2021-08-17
85,419,2021-08-17
181,433,2021-08-17
337,393,2021-08-17
421,127,2021-08-17
875,378,2021-08-17
689,106,2021-08-17
212,388,2021-08-17
838,23,2021-08-17
505,43,2021-08-17
102,228,2021-08-17
247,421,2021-08-17
698,210,2021-08-17
972,178,2021-08-17
873,307,2021-08-17
301,11,2021-08-17
375,305,2021-08-17
960,363,2021-08-17
333,394,2021-08-17
260,483,2021-08-17
741,334,2021-08-17
891,68,2021-08-17
725,56,2021-08-17
773,364,2021-08-17
94,474,2021-08-17
918,148,2021-08-17
439,253,2021-08-17
897,347,2021-08-17
325,126,2021-08-17
96,247,2021-08-17
871,56,2021-08-17
51,406,2021-08-17
253,419,2021-08-17
266,494,2021-08-17
634,271,2021-08-17
369,483,2021-08-17
424,231,2021-08-17
98,57,2021-08-17
881,171,2021-08-17
939,434,2021-08-17
841,259,2021-08-17
915,318,2021-08-17
585,134,2021-08-17
392,365,2021-08-17
698,325,2021-08-17
940,492,2021-08-17
239,363,2021-08-17
116,73,2021-08-17
470,191,2021-08-17
663,392,2021-08-17
838,487,2021-08-17
447,481,2021-08-17
117,233,2021-08-17
755,129,2021-08-17
512,378,2021-08-17
796,486,2021-08-17
734,280,2021-08-17
120,5,2021-08-17
566,95,2021-08-17
419,233,2021-08-17
410,324,2021-08-17
131,317,2021-08-17
612,175,2021-08-17
971,242,2021-08-17
182,39,2021-08-17
416,301,2021-08-17
25,497,2021-08-17
768,282,2021-08-17
345,385,2021-08-17
680,54,2021-08-17
158,12,2021-08-17
72,388,2021-08-17
470,291,2021-08-17
558,343,2021-08-17
418,459,2021-08-17
791,248,2021-08-17
630,171,2021-08-17
588,91,2021-08-17
31,418,2021-08-17
751,52,2021-08-17
584,49,2021-08-17
35,440,2021-08-17
69,82,2021-08-17
277,412,2021-08-17
672,24,2021-08-17
123,478,2021-08-17
43,483,2021-08-17
787,151,2021-08-17
284,467,2021-08-17
958,283,2021-08-17
628,296,2021-08-17
752,293,2021-08-17
732,227,2021-08-17
238,213,2021-08-17
728,78,2021-08-17
94,440,2021-08-17
16,367,2021-08-17
942,33,2021-08-17
394,38,2021-08-17
173,307,2021-08-17
234,114,2021-08-17
269,114,2021-08-17
590,437,2021-08-17
870,83,2021-08-17
567,350,2021-08-17
969,316,2021-08-17
932,66,2021-08-17
854,237,2021-08-17
562,472,2021-08-17
688,477,2021-08-17
613,483,2021-08-17
976,489,2021-08-17
10,264,2021-08-17
254,415,2021-08-17
104,423,2021-08-17
537,63,2021-08-17
440,210,2021-08-17
209,53,2021-08-17
530,201,2021-08-17
431,231,2021-08-17
205,354,2021-08-17
546,307,2021-08-17
537,197,2021-08-17
808,167,2021-08-17
914,9,2021-08-17
250,140,2021-08-17
433,417,2021-08-17
836,342,2021-08-17
987,229,2021-08-17
291,493,2021-08-17
496,218,2021-08-17
455,351,2021-08-17
800,180,2021-08-17
186,176,2021-08-17
687,392,2021-08-17
47,299,2021-08-17
732,182,2021-08-17
470,428,2021-08-17
333,318,2021-08-17
747,234,2021-08-17
994,401,2021-08-17
562,352,2021-08-17
357,236,2021-08-17
434,270,2021-08-17
584,53,2021-08-17
830,36,2021-08-17
509,251,2021-08-17
674,83,2021-08-17
315,78,2021-08-17
925,458,2021-08-17
823,238,2021-08-17
579,435,2021-08-17
37,304,2021-08-17
753,281,2021-08-17
944,16,2021-08-17
12,350,2021-08-17
783,356,2021-08-17
241,12,2021-08-17
209,263,2021-08-17
182,153,2021-08-17
906,397,2021-08-17
152,135,2021-08-17
311,244,2021-08-17
35,297,2021-08-17
38,110,2021-08-17
180,188,2021-08-17
236,243,2021-08-17
732,293,2021-08-17
758,397,2021-08-17
324,171,2021-08-17
881,472,2021-08-17
41,298,2021-08-17
541,481,2021-08-17
310,7,2021-08-17
552,386,2021-08-17
977,351,2021-08-17
178,167,2021-08-17
830,329,2021-08-17
846,293,2021-08-17
231,229,2021-08-17
206,174,2021-08-17
945,285,2021-08-17
94,374,2021-08-17
336,373,2021-08-17
652,362,2021-08-17
694,491,2021-08-17
115,258,2021-08-17
615,170,2021-08-17
147,77,2021-08-17
161,221,2021-08-17
44,166,2021-08-17
375,473,2021-08-17
773,330,2021-08-17
156,390,2021-08-17
624,27,2021-08-17
505,219,2021-08-17
853,435,2021-08-17
563,115,2021-08-17
770,340,2021-08-17
348,376,2021-08-17
883,109,2021-08-17
649,336,2021-08-17
919,267,2021-08-17
121,316,2021-08-17
753,239,2021-08-17
683,272,2021-08-17
562,218,2021-08-17
34,334,2021-08-17
817,135,2021-08-17
121,466,2021-08-17
371,200,2021-08-17
659,208,2021-08-17
205,394,2021-08-17
409,79,2021-08-17
422,346,2021-08-17
452,105,2021-08-17
819,195,2021-08-17
500,211,2021-08-17
567,225,2021-08-17
970,336,2021-08-17
104,342,2021-08-17
596,48,2021-08-17
297,168,2021-08-17
678,47,2021-08-17
941,357,2021-08-17
206,233,2021-08-17
77,387,2021-08-17
538,95,2021-08-17
677,44,2021-08-17
147,305,2021-08-17
295,402,2021-08-17
133,107,2021-08-17
940,415,2021-08-17
891,53,2021-08-17
651,240,2021-08-17
327,127,2021-08-17
534,324,2021-08-17
540,294,2021-08-17
283,145,2021-08-17
460,337,2021-08-17
954,60,2021-08-17
499,36,2021-08-17
686,283,2021-08-17
782,471,2021-08-17
24,432,2021-08-17
707,6,2021-08-17
356,110,2021-08-17
435,280,2021-08-17
204,161,2021-08-17
409,438,2021-08-17
262,341,2021-08-17
471,261,2021-08-17
945,481,2021-08-17
192,470,2021-08-17
359,116,2021-08-17
681,359,2021-08-17
827,168,2021-08-17
484,139,2021-08-17
217,171,2021-08-17
695,434,2021-08-17
837,117,2021-08-17
330,444,2021-08-17
308,446,2021-08-17
158,405,2021-08-17
698,185,2021-08-17
481,149,2021-08-17
614,58,2021-08-17
140,13,2021-08-17
194,344,2021-08-17
613,327,2021-08-17
207,315,2021-08-17
4,308,2021-08-17
990,132,2021-08-17
848,42,2021-08-17
816,476,2021-08-17
427,329,2021-08-17
320,292,2021-08-17
723,305,2021-08-17
922,9,2021-08-17
59,130,2021-08-17
540,308,2021-08-17
895,33,2021-08-17
246,389,2021-08-17
922,24,2021-08-17
2,238,2021-08-17
298,230,2021-08-17
162,428,2021-08-17
792,193,2021-08-17
170,62,2021-08-17
114,340,2021-08-17
407,201,2021-08-17
915,484,2021-08-17
466,462,2021-08-17
3,495,2021-08-17
716,75,2021-08-17
675,350,2021-08-17
670,49,2021-08-17
126,54,2021-08-17
109,308,2021-08-17
856,436,2021-08-17
313,468,2021-08-17
642,426,2021-08-17
303,50,2021-08-17
823,13,2021-08-17
568,95,2021-08-17
300,30,2021-08-17
864,418,2021-08-17
503,108,2021-08-17
495,141,2021-08-17
85,107,2021-08-17
303,322,2021-08-17
343,156,2021-08-17
511,403,2021-08-17
616,473,2021-08-17
125,51,2021-08-17
326,271,2021-08-17
761,296,2021-08-17
92,158,2021-08-17
541,399,2021-08-17
80,196,2021-08-17
881,495,2021-08-17
843,170,2021-08-17
940,310,2021-08-17
159,167,2021-08-17
254,90,2021-08-17
440,99,2021-08-17
713,136,2021-08-17
281,335,2021-08-17
139,327,2021-08-17
203,80,2021-08-17
873,462,2021-08-17
15,148,2021-08-17
337,289,2021-08-17
544,298,2021-08-17
399,177,2021-08-17
252,146,2021-08-17
10,202,2021-08-17
279,82,2021-08-17
802,56,2021-08-17
232,298,2021-08-17
447,356,2021-08-17
364,423,2021-08-17
566,38,2021-08-17
656,402,2021-08-17
104,283,2021-08-17
498,410,2021-08-17
15,289,2021-08-17
338,267,2021-08-17
955,228,2021-08-17
641,298,2021-08-17
971,295,2021-08-17
755,125,2021-08-17
546,170,2021-08-17
726,284,2021-08-17
167,109,2021-08-17
446,282,2021-08-17
654,312,2021-08-17
700,47,2021-08-17
600,461,2021-08-17
32,147,2021-08-17
265,226,2021-08-17
512,173,2021-08-17
256,426,2021-08-17
377,368,2021-08-17
891,312,2021-08-17
440,20,2021-08-17
434,266,2021-08-17
14,286,2021-08-17
839,255,2021-08-17
122,137,2021-08-17
810,23,2021-08-17
296,329,2021-08-17
25,341,2021-08-17
667,359,2021-08-17
128,365,2021-08-17
103,18,2021-08-17
715,273,2021-08-17
66,308,2021-08-17
505,450,2021-08-17
533,1,2021-08-17
471,6,2021-08-17
564,9,2021-08-17
719,378,2021-08-17
962,184,2021-08-17
332,277,2021-08-17
942,373,2021-08-17
640,290,2021-08-17
225,127,2021-08-17
976,472,2021-08-17
205,110,2021-08-17
518,267,2021-08-17
989,221,2021-08-17
572,366,2021-08-17
341,398,2021-08-17
551,198,2021-08-17
43,50,2021-08-17
962,445,2021-08-17
981,316,2021-08-17
816,13,2021-08-17
988,114,2021-08-17
947,176,2021-08-17
964,410,2021-08-17
67,52,2021-08-17
177,302,2021-08-17
179,369,2021-08-17
526,41,2021-08-17
892,145,2021-08-17
395,305,2021-08-17
353,449,2021-08-17
498,113,2021-08-17
201,458,2021-08-17
568,128,2021-08-17
732,450,2021-08-17
446,61,2021-08-17
862,278,2021-08-17
799,103,2021-08-17
859,140,2021-08-17
928,477,2021-08-17
903,75,2021-08-17
731,375,2021-08-17
482,343,2021-08-17
728,211,2021-08-17
550,492,2021-08-17
118,444,2021-08-17
271,383,2021-08-17
668,241,2021-08-17
960,447,2021-08-17
176,337,2021-08-17
872,173,2021-08-17
738,148,2021-08-17
565,252,2021-08-17
747,375,2021-08-17
608,277,2021-08-17
869,190,2021-08-17
265,168,2021-08-17
367,238,2021-08-17
636,472,2021-08-17
548,16,2021-08-17
300,273,2021-08-17
500,410,2021-08-17
320,11,2021-08-17
106,351,2021-08-17
989,118,2021-08-17
553,137,2021-08-17
270,187,2021-08-17
179,169,2021-08-17
15,153,2021-08-17
615,429,2021-08-17
373,406,2021-08-17
462,433,2021-08-17
221,12,2021-08-17
376,469,2021-08-17
407,278,2021-08-17
91,61,2021-08-17
854,124,2021-08-17
297,415,2021-08-17
652,481,2021-08-17
251,30,2021-08-17
884,181,2021-08-17
164,185,2021-08-17
915,492,2021-08-17
854,215,2021-08-17
969,64,2021-08-17
686,0,2021-08-17
97,484,2021-08-17
944,237,2021-08-17
12,250,2021-08-17
468,492,2021-08-17
690,209,2021-08-17
380,195,2021-08-17
679,240,2021-08-17
948,294,2021-08-17
348,297,2021-08-17
39,15,2021-08-17
737,451,2021-08-17
864,278,2021-08-17
182,173,2021-08-17
464,304,2021-08-17
306,400,2021-08-17
991,400,2021-08-17
626,236,2021-08-17
469,87,2021-08-17
804,222,2021-08-17
175,449,2021-08-17
72,284,2021-08-17
588,372,2021-08-17
301,210,2021-08-17
152,485,2021-08-17
192,344,2021-08-17
707,296,2021-08-17
404,179,2021-08-17
733,46,2021-08-17
856,25,2021-08-17
167,86,2021-08-17
709,167,2021-08-17
387,354,2021-08-17
908,298,2021-08-17
835,15,2021-08-17
313,418,2021-08-17
77,392,2021-08-17
737,157,2021-08-17
48,219,2021-08-17
404,269,2021-08-17
95,237,2021-08-17
883,424,2021-08-17
418,195,2021-08-17
518,323,2021-08-17
559,255,2021-08-17
173,427,2021-08-17
106,132,2021-08-17
769,230,2021-08-17
846,37,2021-08-17
778,164,2021-08-17
376,100,2021-08-17
941,226,2021-08-17
196,352,2021-08-17
838,370,2021-08-17
843,431,2021-08-17
931,16,2021-08-17
97,159,2021-08-17
548,272,2021-08-17
367,463,2021-08-17
715,233,2021-08-17
655,347,2021-08-17
842,314,2021-08-17
876,374,2021-08-17
898,364,2021-08-17
884,365,2021-08-17
598,127,2021-08-17
894,435,2021-08-17
113,132,2021-08-17
899,320,2021-08-17
661,62,2021-08-17
645,183,2021-08-17
16,252,2021-08-17
952,319,2021-08-17
933,494,2021-08-17
348,43,2021-08-17
862,314,2021-08-17
533,317,2021-08-17
442,48,2021-08-17
668,131,2021-08-17
33,462,2021-08-17
439,208,2021-08-17
470,100,2021-08-17
152,53,2021-08-17
65,188,2021-08-17
281,345,2021-08-17
559,478,2021-08-17
12,440,2021-08-17
383,315,2021-08-17
126,175,2021-08-17
583,204,2021-08-17
274,12,2021-08-17
33,33,2021-08-17
903,138,2021-08-17
620,379,2021-08-17
376,183,2021-08-17
961,322,2021-08-17
775,268,2021-08-17
482,92,2021-08-17
701,19,2021-08-17
482,154,2021-08-17
243,290,2021-08-17
730,376,2021-08-17
226,292,2021-08-17
772,296,2021-08-17
694,329,2021-08-17
183,109,2021-08-17
500,452,2021-08-17
638,312,2021-08-17
257,30,2021-08-17
788,470,2021-08-17
461,369,2021-08-17
356,283,2021-08-17
144,370,2021-08-17
950,405,2021-08-17
651,409,2021-08-17
646,380,2021-08-17
420,194,2021-08-17
146,238,2021-08-17
575,18,2021-08-17
927,110,2021-08-17
332,7,2021-08-17
183,287,2021-08-17
579,307,2021-08-17
409,65,2021-08-17
235,418,2021-08-17
766,436,2021-08-17
162,98,2021-08-17
908,226,2021-08-17
326,341,2021-08-17
850,28,2021-08-17
323,322,2021-08-17
155,143,2021-08-17
280,88,2021-08-17
242,311,2021-08-17
152,494,2021-08-17
833,428,2021-08-17
163,395,2021-08-17
936,324,2021-08-17
611,202,2021-08-17
444,141,2021-08-17
490,463,2021-08-17
236,212,2021-08-17
617,407,2021-08-17
664,89,2021-08-17
446,358,2021-08-17
83,93,2021-08-17
306,86,2021-08-17
452,27,2021-08-17
443,432,2021-08-17
1,351,2021-08-17
755,96,2021-08-17
142,388,2021-08-17
432,290,2021-08-17
967,222,2021-08-17
758,106,2021-08-17
225,355,2021-08-17
968,233,2021-08-17
507,495,2021-08-17
396,432,2021-08-17
749,444,2021-08-17
977,388,2021-08-17
389,39,2021-08-17
290,118,2021-08-17
700,374,2021-08-17
733,489,2021-08-17
185,359,2021-08-17
136,60,2021-08-17
999,410,2021-08-17
119,453,2021-08-17
832,496,2021-08-17
760,160,2021-08-17
395,273,2021-08-17
395,414,2021-08-17
689,398,2021-08-17
160,165,2021-08-17
33,239,2021-08-17
541,344,2021-08-17
386,314,2021-08-17
243,292,2021-08-17
823,405,2021-08-17
86,313,2021-08-17
227,262,2021-08-17
330,322,2021-08-17
78,280,2021-08-17
608,139,2021-08-17
70,212,2021-08-17
454,169,2021-08-17
494,150,2021-08-17
429,62,2021-08-17
918,461,2021-08-17
913,102,2021-08-17
37,380,2021-08-17
812,103,2021-08-17
858,292,2021-08-17
146,340,2021-08-17
441,476,2021-08-17
340,9,2021-08-17
877,160,2021-08-17
776,397,2021-08-17
780,62,2021-08-17
686,203,2021-08-17
413,389,2021-08-17
826,284,2021-08-17
390,252,2021-08-17
8,12,2021-08-17
580,385,2021-08-17
307,122,2021-08-17
46,327,2021-08-17
844,360,2021-08-17
23,76,2021-08-17
632,341,2021-08-17
40,424,2021-08-17
979,345,2021-08-17
232,452,2021-08-17
855,231,2021-08-17
148,7,2021-08-17
384,163,2021-08-17
198,307,2021-08-17
276,396,2021-08-17
599,67,2021-08-17
518,43,2021-08-17
249,89,2021-08-17
511,75,2021-08-17
525,133,2021-08-17
598,66,2021-08-17
607,49,2021-08-17
325,97,2021-08-17
253,291,2021-08-17
714,453,2021-08-17
520,65,2021-08-17
284,38,2021-08-17
25,342,2021-08-17
432,330,2021-08-17
819,334,2021-08-17
518,461,2021-08-17
726,306,2021-08-17
613,70,2021-08-17
844,272,2021-08-17
697,220,2021-08-17
90,272,2021-08-17
573,379,2021-08-17
249,216,2021-08-17
723,242,2021-08-17
443,60,2021-08-17
817,171,2021-08-17
289,61,2021-08-17
308,349,2021-08-17
69,43,2021-08-17
931,486,2021-08-17
309,217,2021-08-17
427,354,2021-08-17
231,325,2021-08-17
448,467,2021-08-17
511,46,2021-08-17
418,148,2021-08-17
64,179,2021-08-17
126,103,2021-08-17
14,339,2021-08-17
946,464,2021-08-17
780,92,2021-08-17
294,150,2021-08-17
764,23,2021-08-17
556,40,2021-08-17
155,216,2021-08-17
215,395,2021-08-17
867,333,2021-08-17
601,47,2021-08-17
477,87,2021-08-17
740,390,2021-08-17
228,365,2021-08-17
161,328,2021-08-17
554,236,2021-08-17
288,338,2021-08-17
557,96,2021-08-17
869,355,2021-08-17
454,202,2021-08-17
177,256,2021-08-17
540,385,2021-08-17
606,168,2021-08-17
616,296,2021-08-17
273,12,2021-08-17
225,478,2021-08-17
375,159,2021-08-17
314,340,2021-08-17
343,133,2021-08-17
150,65,2021-08-17
289,124,2021-08-17
135,371,2021-08-17
265,150,2021-08-17
73,49,2021-08-17
687,481,2021-08-17
869,268,2021-08-17
851,85,2021-08-17
796,149,2021-08-17
871,478,2021-08-17
753,465,2021-08-17
423,334,2021-08-17
852,47,2021-08-17
280,298,2021-08-17
544,431,2021-08-17
631,10,2021-08-17
909,455,2021-08-17
572,151,2021-08-17
738,254,2021-08-17
586,480,2021-08-17
571,69,2021-08-17
862,478,2021-08-17
959,158,2021-08-17
613,234,2021-08-17
702,201,2021-08-17
296,470,2021-08-17
292,399,2021-08-17
940,98,2021-08-17
514,124,2021-08-17
679,216,2021-08-17
101,384,2021-08-17
290,348,2021-08-17
50,341,2021-08-17
682,323,2021-08-17
49,135,2021-08-17
477,433,2021-08-17
620,474,2021-08-17
836,485,2021-08-17
35,373,2021-08-17
75,340,2021-08-17
275,177,2021-08-17
526,471,2021-08-17
491,109,2021-08-17
973,423,2021-08-17
760,239,2021-08-17
201,187,2021-08-17
27,428,2021-08-17
284,366,2021-08-17
443,289,2021-08-17
689,120,2021-08-17
489,200,2021-08-17
350,423,2021-08-17
363,310,2021-08-17
628,82,2021-08-17
714,19,2021-08-17
885,440,2021-08-17
566,298,2021-08-17
671,40,2021-08-17
264,165,2021-08-17
521,124,2021-08-17
653,289,2021-08-17
210,148,2021-08-17
313,85,2021-08-17
837,276,2021-08-17
678,309,2021-08-17
670,27,2021-08-17
867,386,2021-08-17
760,87,2021-08-17
624,182,2021-08-17
291,391,2021-08-17
917,337,2021-08-17
846,156,2021-08-17
455,316,2021-08-17
512,430,2021-08-17
388,278,2021-08-17
311,277,2021-08-17
118,142,2021-08-17
1,410,2021-08-17
774,494,2021-08-17
743,160,2021-08-17
161,151,2021-08-17
429,237,2021-08-17
60,194,2021-08-17
976,88,2021-08-17
710,139,2021-08-17
484,116,2021-08-17
171,153,2021-08-17
359,451,2021-08-17
789,371,2021-08-17
231,195,2021-08-17
454,32,2021-08-17
279,54,2021-08-17
550,302,2021-08-17
873,410,2021-08-17
909,342,2021-08-17
91,261,2021-08-17
528,54,2021-08-17
620,7,2021-08-17
284,375,2021-08-17
673,164,2021-08-17
858,397,2021-08-17
618,238,2021-08-17
869,150,2021-08-17
728,331,2021-08-17
773,121,2021-08-17
794,345,2021-08-17
903,328,2021-08-17
236,63,2021-08-17
695,54,2021-08-17
8,40,2021-08-17
551,372,2021-08-17
177,355,2021-08-17
853,485,2021-08-17
207,217,2021-08-17
914,401,2021-08-17
898,129,2021-08-17
676,283,2021-08-17
877,435,2021-08-17
864,80,2021-08-17
376,233,2021-08-17
523,465,2021-08-17
897,306,2021-08-17
279,314,2021-08-17
204,79,2021-08-17
787,496,2021-08-17
149,83,2021-08-17
109,209,2021-08-17
743,486,2021-08-17
286,202,2021-08-17
119,216,2021-08-17
304,296,2021-08-17
449,323,2021-08-17
810,466,2021-08-17
492,435,2021-08-17
906,455,2021-08-17
534,222,2021-08-17
849,244,2021-08-17
91,222,2021-08-17
117,94,2021-08-17
24,193,2021-08-17
110,354,2021-08-17
486,498,2021-08-17
83,384,2021-08-17
746,341,2021-08-17
902,114,2021-08-17
763,493,2021-08-17
716,489,2021-08-17
686,43,2021-08-17
154,233,2021-08-17
689,52,2021-08-17
762,276,2021-08-17
479,205,2021-08-17
433,169,2021-08-17
989,152,2021-08-17
45,421,2021-08-17
697,326,2021-08-17
803,495,2021-08-17
939,268,2021-08-17
775,386,2021-08-17
370,349,2021-08-17
891,78,2021-08-17
633,453,2021-08-17
167,450,2021-08-17
295,371,2021-08-17
919,451,2021-08-17
444,10,2021-08-17
287,385,2021-08-17
816,324,2021-08-17
756,30,2021-08-17
362,476,2021-08-17
293,129,2021-08-17
977,460,2021-08-17
77,186,2021-08-17
983,447,2021-08-17
465,341,2021-08-17
826,333,2021-08-17
338,422,2021-08-17
19,471,2021-08-17
786,352,2021-08-17
136,328,2021-08-17
650,144,2021-08-17
401,244,2021-08-17
432,88,2021-08-17
394,478,2021-08-17
484,239,2021-08-17
402,275,2021-08-17
31,433,2021-08-17
846,465,2021-08-17
447,333,2021-08-17
700,447,2021-08-17
187,107,2021-08-17
148,389,2021-08-17
605,132,2021-08-17
537,272,2021-08-17
10,124,2021-08-17
23,249,2021-08-17
421,118,2021-08-17
453,132,2021-08-17
431,5,2021-08-17
515,420,2021-08-17
609,105,2021-08-17
365,459,2021-08-17
655,489,2021-08-17
898,6,2021-08-17
687,358,2021-08-17
516,473,2021-08-17
852,282,2021-08-17
113,106,2021-08-17
270,461,2021-08-17
985,419,2021-08-17
665,318,2021-08-17
359,327,2021-08-17
205,350,2021-08-17
459,76,2021-08-17
461,439,2021-08-17
826,54,2021-08-17
698,180,2021-08-17
826,214,2021-08-17
398,148,2021-08-17
825,36,2021-08-17
389,197,2021-08-17
992,404,2021-08-17
207,250,2021-08-17
393,46,2021-08-17
71,448,2021-08-17
138,462,2021-08-17
810,356,2021-08-17
297,387,2021-08-17
942,322,2021-08-17
255,369,2021-08-17
535,387,2021-08-17
568,71,2021-08-17
143,485,2021-08-17
947,133,2021-08-17
87,1,2021-08-17
283,102,2021-08-17
939,259,2021-08-17
753,51,2021-08-17
180,159,2021-08-17
637,128,2021-08-17
199,288,2021-08-17
205,378,2021-08-17
500,245,2021-08-17
432,325,2021-08-17
989,312,2021-08-17
41,123,2021-08-17
421,185,2021-08-17
770,350,2021-08-17
965,313,2021-08-17
722,272,2021-08-17
539,41,2021-08-17
68,424,2021-08-17
260,291,2021-08-17
635,373,2021-08-17
274,334,2021-08-17
575,305,2021-08-17
525,248,2021-08-17
918,252,2021-08-17
170,470,2021-08-17
525,327,2021-08-17
237,235,2021-08-17
842,176,2021-08-17
722,265,2021-08-17
641,434,2021-08-17
690,111,2021-08-17
170,46,2021-08-17
195,47,2021-08-17
593,124,2021-08-17
27,489,2021-08-17
313,108,2021-08-17
317,364,2021-08-17
298,126,2021-08-17
777,111,2021-08-17
249,82,2021-08-17
213,128,2021-08-17
645,310,2021-08-17
869,44,2021-08-17
700,345,2021-08-17
501,17,2021-08-17
952,341,2021-08-17
197,15,2021-08-17
72,27,2021-08-17
17,205,2021-08-17
843,61,2021-08-17
269,80,2021-08-17
894,319,2021-08-17
583,137,2021-08-17
421,33,2021-08-17
270,382,2021-08-17
893,457,2021-08-17
303,73,2021-08-17
295,318,2021-08-17
189,183,2021-08-17
671,391,2021-08-17
469,281,2021-08-17
767,339,2021-08-17
675,280,2021-08-17
935,263,2021-08-17
322,400,2021-08-17
145,304,2021-08-17
803,335,2021-08-17
356,342,2021-08-17
52,282,2021-08-17
172,333,2021-08-17
556,301,2021-08-17
433,366,2021-08-17
329,475,2021-08-17
857,77,2021-08-17
781,266,2021-08-17
499,453,2021-08-17
821,290,2021-08-17
161,301,2021-08-17
458,231,2021-08-17
699,495,2021-08-17
47,384,2021-08-17
565,278,2021-08-17
334,3,2021-08-17
159,98,2021-08-17
595,397,2021-08-17
214,149,2021-08-17
990,383,2021-08-17
662,410,2021-08-17
735,211,2021-08-17
978,417,2021-08-17
535,356,2021-08-17
994,467,2021-08-17
456,97,2021-08-17
164,451,2021-08-17
110,158,2021-08-17
583,233,2021-08-17
805,377,2021-08-17
337,351,2021-08-17
381,11,2021-08-17
203,301,2021-08-17
74,224,2021-08-17
233,348,2021-08-17
576,422,2021-08-17
428,303,2021-08-17
162,79,2021-08-17
646,80,2021-08-17
927,104,2021-08-17
6,215,2021-08-17
757,165,2021-08-17
307,155,2021-08-17
854,498,2021-08-17
542,318,2021-08-17
562,191,2021-08-17
326,443,2021-08-17
843,303,2021-08-17
967,6,2021-08-17
308,310,2021-08-17
653,432,2021-08-17
713,8,2021-08-17
390,380,2021-08-17
766,122,2021-08-17
819,264,2021-08-17
304,179,2021-08-17
626,101,2021-08-17
707,205,2021-08-17
231,106,2021-08-17
57,169,2021-08-17
49,210,2021-08-17
470,59,2021-08-17
886,125,2021-08-17
3,411,2021-08-17
121,28,2021-08-17
718,336,2021-08-17
735,61,2021-08-17
618,393,2021-08-17
581,274,2021-08-17
216,105,2021-08-17
895,20,2021-08-17
801,238,2021-08-17
77,161,2021-08-17
622,304,2021-08-17
980,162,2021-08-17
342,433,2021-08-17
339,14,2021-08-17
284,446,2021-08-17
509,98,2021-08-17
99,217,2021-08-17
893,409,2021-08-17
87,95,2021-08-17
511,253,2021-08-17
92,2,2021-08-17
725,75,2021-08-17
437,272,2021-08-17
638,237,2021-08-17
446,78,2021-08-17
747,355,2021-08-17
465,52,2021-08-17
607,490,2021-08-17
279,63,2021-08-17
680,307,2021-08-17
777,249,2021-08-17
693,487,2021-08-17
491,467,2021-08-17
982,397,2021-08-17
469,302,2021-08-17
868,220,2021-08-17
309,180,2021-08-17
867,220,2021-08-17
427,200,2021-08-17
797,345,2021-08-17
119,231,2021-08-17
883,391,2021-08-17
125,178,2021-08-17
660,316,2021-08-17
818,394,2021-08-17
953,402,2021-08-17
840,73,2021-08-17
948,313,2021-08-17
622,23,2021-08-17
761,22,2021-08-17
211,215,2021-08-17
600,391,2021-08-17
952,57,2021-08-17
13,449,2021-08-17
926,287,2021-08-17
683,364,2021-08-17
387,496,2021-08-17
690,256,2021-08-17
795,380,2021-08-17
585,213,2021-08-17
800,410,2021-08-17
665,307,2021-08-17
232,277,2021-08-17
498,315,2021-08-17
274,276,2021-08-17
33,47,2021-08-17
288,371,2021-08-17
446,233,2021-08-17
675,116,2021-08-17
548,197,2021-08-17
232,34,2021-08-17
718,5,2021-08-17
26,265,2021-08-17
32,228,2021-08-17
257,193,2021-08-17
687,499,2021-08-17
729,368,2021-08-17
908,141,2021-08-17
900,253,2021-08-17
81,486,2021-08-17
829,479,2021-08-17
87,264,2021-08-17
594,256,2021-08-17
398,439,2021-08-17
134,54,2021-08-17
968,40,2021-08-17
520,348,2021-08-17
947,238,2021-08-17
769,69,2021-08-17
951,23,2021-08-17
430,384,2021-08-17
301,207,2021-08-17
725,296,2021-08-17
185,298,2021-08-17
814,132,2021-08-17
799,163,2021-08-17
235,149,2021-08-17
603,71,2021-08-17
389,450,2021-08-17
0,71,2021-08-17
718,202,2021-08-17
568,277,2021-08-17
454,384,2021-08-17
935,409,2021-08-17
610,410,2021-08-17
814,135,2021-08-17
413,187,2021-08-17
254,263,2021-08-17
588,178,2021-08-17
178,262,2021-08-17
472,84,2021-08-17
841,132,2021-08-17
87,69,2021-08-17
799,16,2021-08-17
247,125,2021-08-17
684,451,2021-08-17
13,308,2021-08-17
349,469,2021-08-17
825,349,2021-08-17
2,140,2021-08-17
841,13,2021-08-17
115,261,2021-08-17
548,190,2021-08-17
703,341,2021-08-17
841,143,2021-08-17
272,229,2021-08-17
83,195,2021-08-17
187,145,2021-08-17
933,270,2021-08-17
894,394,2021-08-17
339,276,2021-08-17
594,391,2021-08-17
563,392,2021-08-17
939,357,2021-08-17
814,218,2021-08-17
585,43,2021-08-17
190,112,2021-08-17
54,276,2021-08-17
754,367,2021-08-17
881,415,2021-08-17
582,305,2021-08-17
237,208,2021-08-17
926,429,2021-08-17
749,170,2021-08-17
383,79,2021-08-17
393,397,2021-08-17
984,290,2021-08-17
592,338,2021-08-17
615,497,2021-08-17
757,155,2021-08-17
944,160,2021-08-17
868,360,2021-08-17
525,40,2021-08-17
588,307,2021-08-17
751,472,2021-08-17
286,149,2021-08-17
395,436,2021-08-17
8,129,2021-08-17
996,15,2021-08-17
651,422,2021-08-17
873,219,2021-08-17
659,322,2021-08-17
634,275,2021-08-17
737,88,2021-08-17
640,233,2021-08-17
281,204,2021-08-17
189,255,2021-08-17
598,360,2021-08-17
686,292,2021-08-17
133,397,2021-08-17
192,305,2021-08-17
221,348,2021-08-17
33,484,2021-08-17
956,287,2021-08-17
413,187,2021-08-17
291,22,2021-08-17
846,485,2021-08-17
62,186,2021-08-17
847,390,2021-08-17
668,65,2021-08-17
158,81,2021-08-17
772,64,2021-08-17
182,89,2021-08-17
742,113,2021-08-17
193,74,2021-08-17
969,260,2021-08-17
878,351,2021-08-17
572,62,2021-08-17
384,206,2021-08-17
870,470,2021-08-17
935,458,2021-08-17
53,417,2021-08-17
210,440,2021-08-17
368,198,2021-08-17
73,385,2021-08-17
982,373,2021-08-17
78,300,2021-08-17
915,276,2021-08-17
294,415,2021-08-17
140,423,2021-08-17
829,495,2021-08-17
570,235,2021-08-17
57,237,2021-08-17
825,58,2021-08-17
489,266,2021-08-17
514,339,2021-08-17
416,214,2021-08-17
603,481,2021-08-17
136,148,2021-08-17
767,97,2021-08-17
549,317,2021-08-17
911,357,2021-08-17
397,301,2021-08-17
469,158,2021-08-17
412,469,2021-08-17
517,371,2021-08-17
263,291,2021-08-17
929,45,2021-08-17
661,217,2021-08-17
727,101,2021-08-17
985,321,2021-08-17
207,460,2021-08-17
433,388,2021-08-17
378,45,2021-08-17
579,60,2021-08-17
27,366,2021-08-17
441,3,2021-08-17
70,108,2021-08-17
709,55,2021-08-17
956,267,2021-08-17
201,213,2021-08-17
274,318,2021-08-17
569,497,2021-08-17
995,218,2021-08-17
446,199,2021-08-17
642,211,2021-08-17
876,37,2021-08-17
662,390,2021-08-17
708,242,2021-08-17
133,142,2021-08-17
499,103,2021-08-17
689,486,2021-08-17
806,445,2021-08-17
955,139,2021-08-17
614,483,2021-08-17
922,325,2021-08-17
501,229,2021-08-17
452,127,2021-08-17
858,354,2021-08-17
512,263,2021-08-17
125,356,2021-08-17
673,458,2021-08-17
856,298,2021-08-17
681,80,2021-08-17
550,28,2021-08-17
796,360,2021-08-17
848,224,2021-08-17
957,320,2021-08-17
52,209,2021-08-17
91,154,2021-08-17
831,399,2021-08-17
801,493,2021-08-17
519,351,2021-08-17
118,301,2021-08-17
622,408,2021-08-17
189,213,2021-08-17
632,434,2021-08-17
212,456,2021-08-17
11,334,2021-08-17
149,207,2021-08-17
286,76,2021-08-17
735,478,2021-08-17
196,336,2021-08-17
591,299,2021-08-17
247,123,2021-08-17
746,447,2021-08-17
196,310,2021-08-17
130,36,2021-08-17
986,173,2021-08-17
844,297,2021-08-17
115,15,2021-08-17
469,233,2021-08-17
81,148,2021-08-17
846,239,2021-08-17
325,223,2021-08-17
895,15,2021-08-17
750,81,2021-08-17
958,189,2021-08-17
351,11,2021-08-17
636,169,2021-08-17
185,486,2021-08-17
105,299,2021-08-17
346,225,2021-08-17
844,332,2021-08-17
312,360,2021-08-17
98,300,2021-08-17
163,261,2021-08-17
909,440,2021-08-17
838,444,2021-08-17
558,462,2021-08-17
697,84,2021-08-17
570,258,2021-08-17
335,55,2021-08-17
412,466,2021-08-17
124,37,2021-08-17
641,55,2021-08-17
925,156,2021-08-17
295,259,2021-08-17
199,431,2021-08-17
655,253,2021-08-17
679,65,2021-08-17
498,287,2021-08-17
9,309,2021-08-17
487,425,2021-08-17
998,477,2021-08-17
673,48,2021-08-17
731,98,2021-08-17
354,323,2021-08-17
714,219,2021-08-17
721,139,2021-08-17
38,386,2021-08-17
834,129,2021-08-17
363,301,2021-08-17
935,425,2021-08-17
923,174,2021-08-17
220,235,2021-08-17
54,321,2021-08-17
351,86,2021-08-17
137,290,2021-08-17
767,105,2021-08-17
982,56,2021-08-17
398,182,2021-08-17
226,279,2021-08-17
17,303,2021-08-17
756,55,2021-08-17
812,255,2021-08-17
71,115,2021-08-17
735,120,2021-08-17
381,318,2021-08-17
862,348,2021-08-17
391,5,2021-08-17
108,441,2021-08-17
912,418,2021-08-17
674,199,2021-08-17
670,126,2021-08-17
113,447,2021-08-17
348,202,2021-08-17
433,454,2021-08-17
294,497,2021-08-17
424,158,2021-08-17
188,350,2021-08-17
605,293,2021-08-17
679,90,2021-08-17
230,157,2021-08-17
813,180,2021-08-17
889,265,2021-08-17
41,385,2021-08-17
290,344,2021-08-17
236,194,2021-08-17
609,299,2021-08-17
369,52,2021-08-17
804,27,2021-08-17
389,409,2021-08-17
992,371,2021-08-17
789,196,2021-08-17
804,335,2021-08-17
338,306,2021-08-17
118,74,2021-08-17
315,163,2021-08-17
61,237,2021-08-17
231,101,2021-08-17
150,363,2021-08-17
656,208,2021-08-17
73,480,2021-08-17
153,66,2021-08-17
654,241,2021-08-17
839,413,2021-08-17
526,469,2021-08-17
880,487,2021-08-17
488,414,2021-08-17
480,352,2021-08-17
570,266,2021-08-17
389,420,2021-08-17
661,105,2021-08-17
795,95,2021-08-17
723,368,2021-08-17
985,153,2021-08-17
897,251,2021-08-17
881,210,2021-08-17
978,496,2021-08-17
618,394,2021-08-17
905,446,2021-08-17
925,292,2021-08-17
71,285,2021-08-17
237,279,2021-08-17
795,116,2021-08-17
333,278,2021-08-17
367,459,2021-08-17
278,134,2021-08-17
906,10,2021-08-17
187,215,2021-08-17
41,475,2021-08-17
419,181,2021-08-17
439,175,2021-08-17
135,153,2021-08-17
908,98,2021-08-17
79,361,2021-08-17
655,221,2021-08-17
464,307,2021-08-17
396,71,2021-08-17
800,400,2021-08-17
593,72,2021-08-17
792,123,2021-08-17
969,415,2021-08-17
812,256,2021-08-17
622,211,2021-08-17
37,97,2021-08-17
894,442,2021-08-17
935,194,2021-08-17
120,147,2021-08-17
179,411,2021-08-17
36,220,2021-08-17
449,317,2021-08-17
650,233,2021-08-17
806,288,2021-08-17
38,31,2021-08-17
504,208,2021-08-17
365,108,2021-08-17
260,126,2021-08-17
919,378,2021-08-17
962,52,2021-08-17
459,392,2021-08-17
708,357,2021-08-17
346,235,2021-08-17
545,385,2021-08-17
319,181,2021-08-17
953,336,2021-08-17
736,370,2021-08-17
178,458,2021-08-17
576,251,2021-08-17
570,139,2021-08-17
64,391,2021-08-17
208,320,2021-08-17
105,183,2021-08-17
220,323,2021-08-17
334,359,2021-08-17
345,129,2021-08-17
709,210,2021-08-17
595,262,2021-08-17
503,388,2021-08-17
54,344,2021-08-17
487,487,2021-08-17
793,184,2021-08-17
370,445,2021-08-17
664,495,2021-08-17
650,366,2021-08-17
345,257,2021-08-17
575,199,2021-08-17
826,142,2021-08-17
617,431,2021-08-17
388,291,2021-08-17
519,8,2021-08-17
990,43,2021-08-17
574,17,2021-08-17
687,21,2021-08-17
709,99,2021-08-17
691,306,2021-08-17
769,294,2021-08-17
10,140,2021-08-17
506,306,2021-08-17
237,336,2021-08-17
765,200,2021-08-17
364,263,2021-08-17
965,359,2021-08-17
157,4,2021-08-17
665,341,2021-08-17
816,274,2021-08-17
94,325,2021-08-17
626,97,2021-08-17
807,292,2021-08-17
852,477,2021-08-17
613,279,2021-08-17
371,106,2021-08-17
858,205,2021-08-17
915,284,2021-08-17
364,453,2021-08-17
949,202,2021-08-17
162,166,2021-08-17
482,305,2021-08-17
854,147,2021-08-17
131,287,2021-08-17
153,348,2021-08-17
504,79,2021-08-17
951,44,2021-08-17
491,415,2021-08-17
291,449,2021-08-17
840,154,2021-08-17
819,316,2021-08-17
926,346,2021-08-17
818,377,2021-08-17
275,39,2021-08-17
523,89,2021-08-17
124,110,2021-08-17
696,303,2021-08-17
864,261,2021-08-17
655,418,2021-08-17
684,433,2021-08-17
594,455,2021-08-17
900,42,2021-08-17
416,437,2021-08-17
475,29,2021-08-17
886,471,2021-08-17
210,0,2021-08-17
257,103,2021-08-17
708,296,2021-08-17
860,182,2021-08-17
843,493,2021-08-17
287,91,2021-08-17
813,496,2021-08-17
729,320,2021-08-17
153,323,2021-08-17
25,463,2021-08-17
871,377,2021-08-17
864,116,2021-08-17
954,351,2021-08-17
446,287,2021-08-17
712,321,2021-08-17
554,334,2021-08-17
290,48,2021-08-17
864,291,2021-08-17
837,464,2021-08-17
736,156,2021-08-17
788,41,2021-08-17
42,108,2021-08-17
443,397,2021-08-17
526,407,2021-08-17
489,47,2021-08-17
773,374,2021-08-17
138,305,2021-08-17
314,151,2021-08-17
754,16,2021-08-17
922,145,2021-08-17
19,189,2021-08-17
66,228,2021-08-17
725,335,2021-08-17
55,80,2021-08-17
58,149,2021-08-17
847,305,2021-08-17
676,376,2021-08-17
143,326,2021-08-17
895,224,2021-08-17
481,97,2021-08-17
233,17,2021-08-17
364,189,2021-08-17
884,342,2021-08-17
199,67,2021-08-17
201,38,2021-08-17
937,328,2021-08-17
519,275,2021-08-17
661,279,2021-08-17
8,149,2021-08-17
835,255,2021-08-17
25,148,2021-08-17
459,10,2021-08-17
148,89,2021-08-17
329,208,2021-08-17
403,338,2021-08-17
169,44,2021-08-17
726,409,2021-08-17
26,156,2021-08-17
589,410,2021-08-17
528,348,2021-08-17
856,266,2021-08-17
353,250,2021-08-17
894,264,2021-08-17
547,210,2021-08-17
904,256,2021-08-17
648,318,2021-08-17
374,420,2021-08-17
777,489,2021-08-17
593,103,2021-08-17
816,173,2021-08-17
658,202,2021-08-17
224,259,2021-08-17
609,354,2021-08-17
43,399,2021-08-17
360,372,2021-08-17
597,486,2021-08-17
858,362,2021-08-17
655,398,2021-08-17
792,279,2021-08-17
39,391,2021-08-17
224,496,2021-08-17
522,147,2021-08-17
822,266,2021-08-17
275,0,2021-08-17
546,30,2021-08-17
529,2,2021-08-17
396,160,2021-08-17
496,129,2021-08-17
696,470,2021-08-17
170,475,2021-08-17
568,393,2021-08-17
5,370,2021-08-17
61,198,2021-08-17
255,88,2021-08-17
639,129,2021-08-17
219,423,2021-08-17
929,498,2021-08-17
987,198,2021-08-17
102,258,2021-08-17
427,12,2021-08-17
308,86,2021-08-17
849,256,2021-08-17
197,476,2021-08-17
818,217,2021-08-17
565,475,2021-08-17
716,41,2021-08-17
497,102,2021-08-17
822,470,2021-08-17
896,2,2021-08-17
931,465,2021-08-17
407,378,2021-08-17
402,223,2021-08-17
212,115,2021-08-17
828,207,2021-08-17
801,416,2021-08-17
26,57,2021-08-17
501,154,2021-08-17
690,272,2021-08-17
635,102,2021-08-17
712,92,2021-08-17
192,218,2021-08-17
119,184,2021-08-17
588,94,2021-08-17
932,400,2021-08-17
705,499,2021-08-17
706,275,2021-08-17
161,362,2021-08-17
965,357,2021-08-17
996,251,2021-08-17
772,232,2021-08-17
72,414,2021-08-17
886,92,2021-08-17
937,287,2021-08-17
902,307,2021-08-17
907,493,2021-08-17
851,129,2021-08-17
970,221,2021-08-17
475,257,2021-08-17
454,81,2021-08-17
327,121,2021-08-17
691,442,2021-08-17
941,119,2021-08-17
790,253,2021-08-17
627,349,2021-08-17
455,401,2021-08-17
820,450,2021-08-17
669,174,2021-08-17
734,436,2021-08-17
423,495,2021-08-17
679,368,2021-08-17
596,14,2021-08-17
938,496,2021-08-17
653,394,2021-08-17
526,134,2021-08-17
110,293,2021-08-17
520,269,2021-08-17
398,186,2021-08-17
520,299,2021-08-17
442,192,2021-08-17
380,120,2021-08-17
406,238,2021-08-17
480,78,2021-08-17
120,261,2021-08-17
932,310,2021-08-17
727,265,2021-08-17
73,291,2021-08-17
566,216,2021-08-17
820,16,2021-08-17
91,437,2021-08-17
460,129,2021-08-17
387,460,2021-08-17
704,22,2021-08-17
990,149,2021-08-17
541,433,2021-08-17
163,317,2021-08-18
350,32,2021-08-18
660,311,2021-08-18
26,424,2021-08-18
443,108,2021-08-18
936,235,2021-08-18
998,348,2021-08-18
785,147,2021-08-18
516,339,2021-08-18
151,393,2021-08-18
298,428,2021-08-18
537,344,2021-08-18
449,150,2021-08-18
750,149,2021-08-18
556,6,2021-08-18
994,482,2021-08-18
518,258,2021-08-18
93,84,2021-08-18
750,329,2021-08-18
632,68,2021-08-18
231,120,2021-08-18
804,489,2021-08-18
358,230,2021-08-18
265,482,2021-08-18
695,448,2021-08-18
251,467,2021-08-18
348,397,2021-08-18
93,191,2021-08-18
766,414,2021-08-18
379,431,2021-08-18
278,34,2021-08-18
784,484,2021-08-18
338,104,2021-08-18
339,492,2021-08-18
600,417,2021-08-18
916,300,2021-08-18
456,396,2021-08-18
936,429,2021-08-18
963,286,2021-08-18
814,316,2021-08-18
871,402,2021-08-18
976,0,2021-08-18
950,262,2021-08-18
818,188,2021-08-18
768,211,2021-08-18
744,82,2021-08-18
595,120,2021-08-18
638,210,2021-08-18
725,51,2021-08-18
145,480,2021-08-18
242,109,2021-08-18
13,66,2021-08-18
11,442,2021-08-18
483,42,2021-08-18
322,13,2021-08-18
984,201,2021-08-18
533,50,2021-08-18
238,385,2021-08-18
622,167,2021-08-18
144,336,2021-08-18
149,315,2021-08-18
584,455,2021-08-18
116,279,2021-08-18
544,409,2021-08-18
334,476,2021-08-18
925,492,2021-08-18
64,13,2021-08-18
996,216,2021-08-18
903,13,2021-08-18
895,24,2021-08-18
28,253,2021-08-18
868,260,2021-08-18
229,364,2021-08-18
792,322,2021-08-18
899,49,2021-08-18
835,230,2021-08-18
376,401,2021-08-18
707,426,2021-08-18
732,33,2021-08-18
998,171,2021-08-18
282,192,2021-08-18
893,84,2021-08-18
268,59,2021-08-18
786,346,2021-08-18
864,298,2021-08-18
54,37,2021-08-18
430,63,2021-08-18
931,95,2021-08-18
130,11,2021-08-18
416,89,2021-08-18
323,265,2021-08-18
673,157,2021-08-18
206,382,2021-08-18
111,317,2021-08-18
427,342,2021-08-18
772,7,2021-08-18
168,243,2021-08-18
343,65,2021-08-18
133,118,2021-08-18
280,172,2021-08-18
726,376,2021-08-18
104,125,2021-08-18
190,298,2021-08-18
660,226,2021-08-18
52,364,2021-08-18
211,269,2021-08-18
543,164,2021-08-18
46,73,2021-08-18
158,141,2021-08-18
724,131,2021-08-18
119,216,2021-08-18
802,390,2021-08-18
107,44,2021-08-18
994,435,2021-08-18
459,48,2021-08-18
873,26,2021-08-18
984,163,2021-08-18
127,152,2021-08-18
270,139,2021-08-18
402,343,2021-08-18
676,492,2021-08-18
604,31,2021-08-18
392,424,2021-08-18
605,140,2021-08-18
993,452,2021-08-18
175,164,2021-08-18
122,209,2021-08-18
568,492,2021-08-18
342,399,2021-08-18
996,214,2021-08-18
37,489,2021-08-18
193,419,2021-08-18
563,481,2021-08-18
95,270,2021-08-18
372,421,2021-08-18
247,285,2021-08-18
357,460,2021-08-18
426,323,2021-08-18
765,392,2021-08-18
703,67,2021-08-18
876,26,2021-08-18
806,405,2021-08-18
126,346,2021-08-18
957,257,2021-08-18
393,228,2021-08-18
290,178,2021-08-18
831,416,2021-08-18
616,301,2021-08-18
484,122,2021-08-18
306,490,2021-08-18
796,498,2021-08-18
305,186,2021-08-18
667,121,2021-08-18
886,426,2021-08-18
703,250,2021-08-18
48,58,2021-08-18
420,378,2021-08-18
158,318,2021-08-18
460,416,2021-08-18
67,134,2021-08-18
282,82,2021-08-18
86,167,2021-08-18
685,9,2021-08-18
742,424,2021-08-18
354,139,2021-08-18
422,394,2021-08-18
180,411,2021-08-18
573,495,2021-08-18
126,383,2021-08-18
961,63,2021-08-18
615,249,2021-08-18
552,106,2021-08-18
501,380,2021-08-18
487,458,2021-08-18
258,327,2021-08-18
234,81,2021-08-18
51,81,2021-08-18
844,53,2021-08-18
619,429,2021-08-18
294,402,2021-08-18
493,123,2021-08-18
683,216,2021-08-18
139,294,2021-08-18
602,85,2021-08-18
150,24,2021-08-18
20,469,2021-08-18
897,387,2021-08-18
560,389,2021-08-18
43,444,2021-08-18
441,295,2021-08-18
526,178,2021-08-18
376,187,2021-08-18
133,49,2021-08-18
724,292,2021-08-18
909,468,2021-08-18
34,155,2021-08-18
194,28,2021-08-18
942,97,2021-08-18
384,98,2021-08-18
228,256,2021-08-18
901,143,2021-08-18
399,395,2021-08-18
47,230,2021-08-18
291,201,2021-08-18
248,386,2021-08-18
860,379,2021-08-18
976,436,2021-08-18
394,123,2021-08-18
999,146,2021-08-18
358,108,2021-08-18
90,260,2021-08-18
908,139,2021-08-18
955,108,2021-08-18
643,413,2021-08-18
389,495,2021-08-18
426,175,2021-08-18
596,119,2021-08-18
767,204,2021-08-18
876,305,2021-08-18
977,382,2021-08-18
357,124,2021-08-18
643,393,2021-08-18
19,318,2021-08-18
460,367,2021-08-18
601,379,2021-08-18
954,406,2021-08-18
979,437,2021-08-18
189,217,2021-08-18
760,481,2021-08-18
387,94,2021-08-18
240,425,2021-08-18
690,36,2021-08-18
155,465,2021-08-18
781,74,2021-08-18
710,93,2021-08-18
292,142,2021-08-18
242,254,2021-08-18
358,135,2021-08-18
471,150,2021-08-18
512,387,2021-08-18
603,205,2021-08-18
224,458,2021-08-18
433,288,2021-08-18
198,233,2021-08-18
218,74,2021-08-18
362,296,2021-08-18
287,489,2021-08-18
904,437,2021-08-18
395,161,2021-08-18
131,83,2021-08-18
120,124,2021-08-18
780,223,2021-08-18
77,492,2021-08-18
202,193,2021-08-18
100,3,2021-08-18
778,469,2021-08-18
168,413,2021-08-18
28,333,2021-08-18
915,451,2021-08-18
101,459,2021-08-18
495,297,2021-08-18
654,388,2021-08-18
653,302,2021-08-18
543,347,2021-08-18
257,161,2021-08-18
204,218,2021-08-18
15,155,2021-08-18
785,30,2021-08-18
361,30,2021-08-18
602,483,2021-08-18
67,326,2021-08-18
592,419,2021-08-18
52,193,2021-08-18
906,385,2021-08-18
147,171,2021-08-18
118,294,2021-08-18
886,122,2021-08-18
758,480,2021-08-18
162,366,2021-08-18
882,278,2021-08-18
792,133,2021-08-18
381,67,2021-08-18
49,141,2021-08-18
925,464,2021-08-18
414,409,2021-08-18
814,441,2021-08-18
932,298,2021-08-18
84,420,2021-08-18
607,417,2021-08-18
15,207,2021-08-18
245,105,2021-08-18
191,492,2021-08-18
796,239,2021-08-18
477,105,2021-08-18
48,181,2021-08-18
888,421,2021-08-18
791,129,2021-08-18
635,136,2021-08-18
123,49,2021-08-18
303,499,2021-08-18
830,292,2021-08-18
424,363,2021-08-18
903,304,2021-08-18
187,281,2021-08-18
153,96,2021-08-18
72,192,2021-08-18
498,209,2021-08-18
327,293,2021-08-18
489,206,2021-08-18
463,477,2021-08-18
570,195,2021-08-18
849,486,2021-08-18
133,29,2021-08-18
251,395,2021-08-18
409,52,2021-08-18
686,124,2021-08-18
501,60,2021-08-18
849,119,2021-08-18
511,232,2021-08-18
522,439,2021-08-18
268,328,2021-08-18
760,101,2021-08-18
909,385,2021-08-18
86,99,2021-08-18
373,472,2021-08-18
713,169,2021-08-18
764,221,2021-08-18
512,323,2021-08-18
514,80,2021-08-18
941,207,2021-08-18
630,135,2021-08-18
941,385,2021-08-18
850,134,2021-08-18
62,211,2021-08-18
838,338,2021-08-18
58,291,2021-08-18
380,137,2021-08-18
149,436,2021-08-18
465,113,2021-08-18
549,445,2021-08-18
34,490,2021-08-18
476,165,2021-08-18
737,423,2021-08-18
281,84,2021-08-18
336,230,2021-08-18
979,392,2021-08-18
761,482,2021-08-18
243,327,2021-08-18
994,277,2021-08-18
147,302,2021-08-18
666,272,2021-08-18
295,93,2021-08-18
718,258,2021-08-18
718,258,2021-08-18
22,34,2021-08-18
497,342,2021-08-18
200,184,2021-08-18
358,79,2021-08-18
769,229,2021-08-18
563,128,2021-08-18
421,433,2021-08-18
980,241,2021-08-18
952,485,2021-08-18
484,280,2021-08-18
240,229,2021-08-18
801,404,2021-08-18
703,439,2021-08-18
507,79,2021-08-18
743,84,2021-08-18
216,151,2021-08-18
938,430,2021-08-18
917,407,2021-08-18
674,71,2021-08-18
368,187,2021-08-18
124,187,2021-08-18
604,220,2021-08-18
475,378,2021-08-18
670,287,2021-08-18
461,416,2021-08-18
74,434,2021-08-18
332,429,2021-08-18
90,284,2021-08-18
66,313,2021-08-18
576,399,2021-08-18
285,438,2021-08-18
790,150,2021-08-18
313,263,2021-08-18
335,442,2021-08-18
128,263,2021-08-18
370,396,2021-08-18
374,485,2021-08-18
404,115,2021-08-18
494,319,2021-08-18
86,226,2021-08-18
556,152,2021-08-18
433,327,2021-08-18
448,139,2021-08-18
767,86,2021-08-18
471,163,2021-08-18
2,39,2021-08-18
41,428,2021-08-18
851,270,2021-08-18
140,187,2021-08-18
611,472,2021-08-18
989,186,2021-08-18
9,454,2021-08-18
188,434,2021-08-18
763,135,2021-08-18
136,297,2021-08-18
465,145,2021-08-18
267,88,2021-08-18
986,440,2021-08-18
647,55,2021-08-18
584,17,2021-08-18
785,24,2021-08-18
230,397,2021-08-18
342,248,2021-08-18
611,133,2021-08-18
581,488,2021-08-18
353,47,2021-08-18
947,88,2021-08-18
387,221,2021-08-18
666,192,2021-08-18
763,185,2021-08-18
159,292,2021-08-18
820,481,2021-08-18
189,128,2021-08-18
727,8,2021-08-18
489,285,2021-08-18
478,248,2021-08-18
50,428,2021-08-18
308,266,2021-08-18
176,337,2021-08-18
277,218,2021-08-18
773,131,2021-08-18
17,205,2021-08-18
577,77,2021-08-18
322,135,2021-08-18
708,291,2021-08-18
605,161,2021-08-18
530,186,2021-08-18
377,401,2021-08-18
80,80,2021-08-18
392,282,2021-08-18
11,27,2021-08-18
647,247,2021-08-18
676,33,2021-08-18
23,73,2021-08-18
916,24,2021-08-18
594,448,2021-08-18
180,221,2021-08-18
191,207,2021-08-18
605,474,2021-08-18
814,26,2021-08-18
397,431,2021-08-18
974,266,2021-08-18
734,270,2021-08-18
882,192,2021-08-18
564,33,2021-08-18
438,113,2021-08-18
47,151,2021-08-18
572,183,2021-08-18
670,299,2021-08-18
152,312,2021-08-18
473,483,2021-08-18
274,85,2021-08-18
829,144,2021-08-18
510,311,2021-08-18
444,295,2021-08-18
152,499,2021-08-18
428,188,2021-08-18
477,283,2021-08-18
934,100,2021-08-18
964,293,2021-08-18
26,496,2021-08-18
849,144,2021-08-18
349,294,2021-08-18
714,496,2021-08-18
419,328,2021-08-18
188,59,2021-08-18
775,153,2021-08-18
295,408,2021-08-18
962,12,2021-08-18
546,466,2021-08-18
474,22,2021-08-18
156,303,2021-08-18
323,27,2021-08-18
504,159,2021-08-18
148,185,2021-08-18
37,480,2021-08-18
486,282,2021-08-18
519,378,2021-08-18
430,479,2021-08-18
779,324,2021-08-18
743,213,2021-08-18
673,443,2021-08-18
619,286,2021-08-18
579,261,2021-08-18
599,487,2021-08-18
944,198,2021-08-18
